dates,SKU,price_per_sku
2019-03-11,11617,182.0
2019-03-12,11617,182.0
2019-03-13,11617,182.0
2019-03-15,11617,182.0
2019-03-17,11617,182.0
2019-03-18,11617,182.0
2019-03-20,11617,182.0
2019-03-21,11617,182.0
2019-03-23,11617,182.0
2019-03-24,11617,182.0
2019-03-26,11617,183.0
2019-03-27,11617,183.0
2019-03-28,11617,183.0
2019-03-29,11617,183.0
2019-03-30,11617,183.0
2019-03-31,11617,183.0
2019-04-01,11617,183.0
2019-04-03,11617,183.0
2019-04-04,11617,183.0
2019-04-06,11617,183.0
2019-04-09,11617,183.0
2019-04-10,11617,183.0
2019-04-13,11617,183.0
2019-04-18,11617,183.0
2019-04-19,11617,183.0
2019-04-21,11617,183.0
2019-04-22,11617,184.0
2019-04-23,11617,184.0
2019-04-25,11617,184.0
2019-04-26,11617,184.0
2019-04-27,11617,184.0
2019-04-30,11617,184.0
2019-05-02,11617,184.0
2019-05-03,11617,184.0
2019-05-04,11617,184.0
2019-05-05,11617,184.0
2019-05-07,11617,184.0
2019-05-08,11617,184.0
2019-05-09,11617,184.0
2019-05-10,11617,184.0
2019-05-11,11617,184.0
2019-05-12,11617,184.0
2019-05-14,11617,184.0
2019-05-15,11617,184.0
2019-05-20,11617,185.0
2019-05-21,11617,185.0
2019-05-22,11617,185.0
2019-05-24,11617,185.0
2019-05-27,11617,185.0
2019-05-28,11617,185.0
2019-05-29,11617,185.0
2019-06-01,11617,185.0
2019-06-03,11617,185.0
2019-06-05,11617,185.0
2019-06-06,11617,185.0
2019-06-07,11617,185.0
2019-06-08,11617,185.0
2019-06-09,11617,185.0
2019-06-10,11617,186.0
2019-06-11,11617,186.0
2019-06-14,11617,186.0
2019-06-15,11617,186.0
2019-06-17,11617,186.0
2019-06-18,11617,186.0
2019-06-20,11617,186.0
2019-06-22,11617,186.0
2019-06-23,11617,186.0
2019-06-26,11617,186.0
2019-06-29,11617,186.0
2019-06-30,11617,186.0
2019-07-01,11617,186.0
2019-07-02,11617,186.0
2019-07-03,11617,186.0
2019-07-04,11617,186.0
2019-07-08,11617,187.0
2019-07-09,11617,187.0
2019-07-11,11617,187.0
2019-07-12,11617,187.0
2019-07-13,11617,187.0
2019-07-14,11617,187.0
2019-07-15,11617,187.0
2019-07-19,11617,187.0
2019-07-20,11617,187.0
2019-07-22,11617,187.0
2019-07-24,11617,187.0
2019-07-25,11617,187.0
2019-07-26,11617,187.0
2019-07-27,11617,187.0
2019-07-28,11617,187.0
2019-07-29,11617,187.0
2019-07-30,11617,187.0
2019-07-31,11617,187.0
2019-08-01,11617,187.0
2019-08-02,11617,187.0
2019-08-03,11617,187.0
2019-08-04,11617,187.0
2019-08-07,11617,188.0
2019-08-08,11617,188.0
2019-08-09,11617,188.0
2019-08-10,11617,188.0
2019-08-11,11617,188.0
2019-08-12,11617,188.0
2019-08-13,11617,188.0
2019-08-14,11617,188.0
2019-08-15,11617,188.0
2019-08-16,11617,188.0
2019-08-17,11617,188.0
2019-08-18,11617,188.0
2019-08-19,11617,189.0
2019-08-20,11617,189.0
2019-08-22,11617,189.0
2019-08-24,11617,189.0
2019-08-25,11617,189.0
2019-08-26,11617,188.0
2019-08-27,11617,188.0
2019-08-28,11617,188.0
2019-08-30,11617,188.0
2019-09-02,11617,188.0
2019-09-03,11617,188.0
2019-09-05,11617,188.0
2019-09-07,11617,188.0
2019-09-09,11617,191.0
2019-09-10,11617,191.0
2019-09-11,11617,191.0
2019-09-12,11617,191.0
2019-09-13,11617,191.0
2019-09-14,11617,191.0
2019-09-15,11617,191.0
2019-09-18,11617,190.0
2019-09-20,11617,190.0
2019-09-21,11617,190.0
2019-09-22,11617,190.0
2019-09-24,11617,190.0
2019-09-25,11617,190.0
2019-09-27,11617,190.0
2019-09-28,11617,190.0
2019-10-01,11617,189.0
2019-10-02,11617,189.0
2019-10-03,11617,189.0
2019-10-07,11617,191.0
2019-10-08,11617,191.0
2019-10-09,11617,191.0
2019-10-10,11617,191.0
2019-10-12,11617,191.0
2019-10-13,11617,191.0
2019-10-14,11617,190.0
2019-10-17,11617,190.0
2019-10-20,11617,190.0
2019-10-23,11617,194.0
2019-10-24,11617,194.0
2019-10-25,11617,194.0
2019-10-27,11617,194.0
2019-10-28,11617,191.0
2019-10-30,11617,191.0
2019-11-01,11617,191.0
2019-11-03,11617,191.0
2019-11-04,11617,192.0
2019-11-05,11617,192.0
2019-11-06,11617,192.0
2019-11-08,11617,192.0
2019-11-09,11617,192.0
2019-11-10,11617,192.0
2019-11-13,11617,192.0
2019-11-14,11617,192.0
2019-11-15,11617,192.0
2019-11-19,11617,192.0
2019-11-20,11617,192.0
2019-11-21,11617,192.0
2019-11-22,11617,192.0
2019-11-23,11617,192.0
2019-11-24,11617,192.0
2019-11-25,11617,194.0
2019-11-27,11617,194.0
2019-11-29,11617,194.0
2019-11-30,11617,194.0
2019-12-02,11617,196.0
2019-12-04,11617,196.0
2019-12-05,11617,196.0
2019-12-07,11617,196.0
2019-12-08,11617,196.0
2018-02-11,29251,323.0
2018-02-13,29251,323.0
2018-02-14,29251,323.0
2018-02-15,29251,323.0
2018-02-16,29251,323.0
2018-02-17,29251,323.0
2018-02-18,29251,323.0
2018-02-19,29251,284.24
2018-02-20,29251,284.24
2018-02-21,29251,284.24
2018-02-22,29251,284.24
2018-02-24,29251,284.24
2018-02-25,29251,284.24
2018-02-26,29251,324.0
2018-02-27,29251,324.0
2018-02-28,29251,324.0
2018-03-01,29251,324.0
2018-03-02,29251,324.0
2018-03-03,29251,324.0
2018-03-06,29251,285.12
2018-03-10,29251,285.12
2018-03-11,29251,285.12
2018-03-13,29251,325.0
2018-03-15,29251,325.0
2018-03-17,29251,325.0
2018-03-18,29251,325.0
2018-03-19,29251,325.0
2018-03-20,29251,325.0
2018-03-21,29251,325.0
2018-03-22,29251,325.0
2018-03-24,29251,325.0
2018-03-25,29251,325.0
2018-03-26,29251,325.0
2018-03-27,29251,325.0
2018-03-28,29251,325.0
2018-03-29,29251,325.0
2018-03-31,29251,325.0
2018-04-01,29251,325.0
2018-04-02,29251,326.0
2018-04-03,29251,326.0
2018-04-04,29251,326.0
2018-04-05,29251,326.0
2018-04-06,29251,326.0
2018-04-08,29251,326.0
2018-04-10,29251,326.0
2018-04-11,29251,326.0
2018-04-12,29251,326.0
2018-04-14,29251,326.0
2018-04-15,29251,326.0
2018-04-16,29251,327.0
2018-04-18,29251,327.0
2018-04-19,29251,327.0
2018-04-20,29251,327.0
2018-04-21,29251,327.0
2018-04-22,29251,327.0
2018-04-23,29251,327.0
2018-04-24,29251,327.0
2018-04-25,29251,327.0
2018-04-26,29251,327.0
2018-04-27,29251,327.0
2018-04-30,29251,287.76
2018-05-01,29251,287.76
2018-05-02,29251,287.76
2018-05-04,29251,287.76
2018-05-05,29251,287.76
2018-05-06,29251,287.76
2018-05-07,29251,289.52
2018-05-08,29251,289.52
2018-05-09,29251,289.52
2018-05-10,29251,289.52
2018-05-11,29251,289.52
2018-05-13,29251,289.52
2018-05-14,29251,328.0
2018-05-18,29251,328.0
2018-05-19,29251,328.0
2018-05-20,29251,328.0
2018-05-21,29251,328.0
2018-05-22,29251,328.0
2018-05-24,29251,328.0
2018-05-25,29251,328.0
2018-05-26,29251,328.0
2018-05-29,29251,329.0
2018-05-30,29251,329.0
2018-05-31,29251,329.0
2018-06-01,29251,329.0
2018-06-02,29251,329.0
2018-06-03,29251,329.0
2018-06-05,29251,330.0
2018-06-07,29251,330.0
2018-06-08,29251,330.0
2018-06-09,29251,330.0
2018-06-12,29251,329.0
2018-06-13,29251,329.0
2018-06-14,29251,329.0
2018-06-15,29251,329.0
2018-06-16,29251,329.0
2018-06-17,29251,329.0
2018-06-18,29251,331.0
2018-06-19,29251,331.0
2018-06-21,29251,331.0
2018-06-22,29251,331.0
2018-06-24,29251,331.0
2018-06-25,29251,329.0
2018-06-26,29251,329.0
2018-06-30,29251,329.0
2018-07-01,29251,329.0
2018-07-02,29251,333.0
2018-07-03,29251,333.0
2018-07-04,29251,333.0
2018-07-05,29251,333.0
2018-07-06,29251,333.0
2018-07-07,29251,333.0
2018-07-09,29251,332.0
2018-07-13,29251,332.0
2018-07-14,29251,332.0
2018-07-15,29251,332.0
2018-07-16,29251,331.0
2018-07-17,29251,331.0
2018-07-18,29251,331.0
2018-07-19,29251,331.0
2018-07-20,29251,331.0
2018-07-21,29251,331.0
2018-07-22,29251,331.0
2018-07-23,29251,334.0
2018-07-24,29251,334.0
2018-07-25,29251,334.0
2018-07-26,29251,334.0
2018-07-27,29251,334.0
2018-07-28,29251,334.0
2018-07-31,29251,331.0
2018-08-01,29251,331.0
2018-08-02,29251,331.0
2018-08-04,29251,331.0
2018-08-07,29251,334.0
2018-08-08,29251,334.0
2018-08-09,29251,334.0
2018-08-10,29251,334.0
2018-08-11,29251,334.0
2018-08-12,29251,334.0
2018-08-13,29251,333.0
2018-08-14,29251,333.0
2018-08-16,29251,333.0
2018-08-17,29251,333.0
2018-08-19,29251,333.0
2018-08-20,29251,335.0
2018-08-21,29251,335.0
2018-08-23,29251,335.0
2018-08-24,29251,335.0
2018-08-25,29251,335.0
2018-08-26,29251,335.0
2018-08-27,29251,292.16
2018-08-28,29251,292.16
2018-08-30,29251,292.16
2018-08-31,29251,292.16
2018-09-01,29251,292.16
2018-09-02,29251,292.16
2018-09-03,29251,335.0
2018-09-04,29251,335.0
2018-09-05,29251,335.0
2018-09-07,29251,335.0
2018-09-08,29251,335.0
2018-09-09,29251,335.0
2018-09-10,29251,336.0
2018-09-11,29251,336.0
2018-09-12,29251,336.0
2018-09-13,29251,336.0
2018-09-14,29251,336.0
2018-09-15,29251,336.0
2018-09-16,29251,336.0
2018-09-18,29251,336.0
2018-09-20,29251,336.0
2018-09-22,29251,336.0
2018-09-23,29251,336.0
2018-09-24,29251,336.0
2018-09-26,29251,336.0
2018-09-27,29251,336.0
2018-09-28,29251,336.0
2018-09-30,29251,336.0
2018-10-01,29251,335.0
2018-10-02,29251,335.0
2018-10-03,29251,335.0
2018-10-04,29251,335.0
2018-10-05,29251,335.0
2018-10-06,29251,335.0
2018-10-07,29251,335.0
2018-10-08,29251,338.0
2018-10-09,29251,338.0
2018-10-11,29251,338.0
2018-10-12,29251,338.0
2018-10-13,29251,338.0
2018-10-14,29251,338.0
2018-10-18,29251,334.0
2018-10-21,29251,334.0
2018-10-22,29251,338.0
2018-10-23,29251,338.0
2018-10-24,29251,338.0
2018-10-25,29251,338.0
2018-10-26,29251,338.0
2018-10-27,29251,338.0
2018-10-28,29251,338.0
2018-10-29,29251,337.0
2018-10-30,29251,337.0
2018-10-31,29251,337.0
2018-11-01,29251,337.0
2018-11-03,29251,337.0
2018-11-04,29251,337.0
2018-11-05,29251,340.0
2018-11-06,29251,340.0
2018-11-07,29251,340.0
2018-11-08,29251,340.0
2018-11-09,29251,340.0
2018-11-12,29251,341.0
2018-11-13,29251,341.0
2018-11-14,29251,341.0
2018-11-15,29251,341.0
2018-11-17,29251,341.0
2018-11-19,29251,339.0
2018-11-20,29251,339.0
2018-11-22,29251,339.0
2018-11-23,29251,339.0
2018-11-24,29251,339.0
2018-11-25,29251,339.0
2018-11-26,29251,338.0
2018-11-28,29251,338.0
2018-11-29,29251,338.0
2018-12-01,29251,338.0
2018-12-02,29251,338.0
2018-12-03,29251,335.0
2018-12-04,29251,335.0
2018-12-06,29251,335.0
2018-12-07,29251,335.0
2018-12-08,29251,335.0
2018-12-09,29251,335.0
2018-12-10,29251,295.68
2018-12-11,29251,295.68
2018-12-13,29251,295.68
2018-12-14,29251,295.68
2018-12-15,29251,295.68
2018-12-19,29251,300.08
2018-12-20,29251,300.08
2018-12-21,29251,300.08
2018-12-22,29251,300.08
2018-12-23,29251,300.08
2018-12-24,29251,295.68
2018-12-26,29251,295.68
2018-12-27,29251,295.68
2018-12-28,29251,295.68
2018-12-29,29251,295.68
2018-12-31,29251,296.56
2019-01-01,29251,297.44
2019-01-02,29251,297.44
2019-01-03,29251,297.44
2019-01-04,29251,297.44
2019-01-05,29251,297.44
2019-01-06,29251,297.44
2019-01-09,29251,298.32
2019-01-13,29251,298.32
2019-01-15,29251,341.0
2019-01-17,29251,341.0
2019-01-18,29251,341.0
2019-01-19,29251,341.0
2019-01-20,29251,341.0
2019-01-21,29251,340.0
2019-01-22,29251,340.0
2019-01-23,29251,340.0
2019-01-24,29251,340.0
2019-01-25,29251,340.0
2019-01-28,29251,339.0
2019-01-30,29251,339.0
2019-01-31,29251,339.0
2019-02-01,29251,339.0
2019-02-02,29251,339.0
2019-02-03,29251,339.0
2019-02-05,29251,346.0
2019-02-07,29251,346.0
2019-02-08,29251,346.0
2019-02-09,29251,346.0
2019-02-12,29251,344.0
2019-02-17,29251,344.0
2019-02-19,29251,299.2
2019-02-21,29251,299.2
2019-02-22,29251,299.2
2019-02-23,29251,299.2
2019-02-24,29251,299.2
2019-02-27,29251,345.0
2019-03-03,29251,345.0
2019-03-04,29251,302.72
2019-03-06,29251,302.72
2019-03-08,29251,302.72
2019-03-09,29251,302.72
2019-03-10,29251,302.72
2019-03-11,29251,345.0
2019-03-12,29251,345.0
2019-03-15,29251,345.0
2019-03-16,29251,345.0
2019-03-20,29251,346.0
2019-03-21,29251,346.0
2019-03-23,29251,346.0
2019-03-24,29251,346.0
2019-03-25,29251,342.0
2019-03-26,29251,342.0
2019-03-28,29251,342.0
2019-03-29,29251,342.0
2019-03-30,29251,342.0
2019-04-01,29251,350.0
2019-04-03,29251,350.0
2019-04-05,29251,350.0
2019-04-06,29251,350.0
2019-04-07,29251,350.0
2019-04-08,29251,347.0
2019-04-09,29251,347.0
2019-04-10,29251,347.0
2019-04-14,29251,347.0
2019-04-15,29251,344.0
2019-04-16,29251,344.0
2019-04-17,29251,344.0
2019-04-18,29251,344.0
2019-04-20,29251,344.0
2019-04-22,29251,350.0
2019-04-23,29251,350.0
2019-04-24,29251,350.0
2019-04-25,29251,350.0
2019-04-27,29251,350.0
2019-04-29,29251,305.36
2019-04-30,29251,305.36
2019-05-01,29251,305.36
2019-05-02,29251,305.36
2019-05-04,29251,305.36
2019-05-05,29251,305.36
2019-05-06,29251,311.52
2019-05-08,29251,311.52
2019-05-09,29251,311.52
2019-05-10,29251,311.52
2019-05-11,29251,311.52
2019-05-12,29251,311.52
2019-05-13,29251,351.0
2019-05-14,29251,351.0
2019-05-15,29251,351.0
2019-05-16,29251,351.0
2019-05-18,29251,351.0
2019-05-20,29251,348.0
2019-05-22,29251,348.0
2019-05-24,29251,348.0
2019-05-25,29251,348.0
2019-05-26,29251,348.0
2019-05-27,29251,355.0
2019-05-28,29251,355.0
2019-05-29,29251,355.0
2019-05-30,29251,355.0
2019-05-31,29251,355.0
2019-06-01,29251,355.0
2019-06-02,29251,355.0
2019-06-04,29251,347.0
2019-06-06,29251,347.0
2019-06-07,29251,347.0
2019-06-08,29251,347.0
2019-06-09,29251,347.0
2019-06-10,29251,349.0
2019-06-13,29251,349.0
2019-06-14,29251,349.0
2019-06-15,29251,349.0
2019-06-17,29251,353.0
2019-06-19,29251,353.0
2019-06-20,29251,353.0
2019-06-23,29251,353.0
2019-06-24,29251,350.0
2019-06-25,29251,350.0
2019-06-26,29251,350.0
2019-06-28,29251,350.0
2019-06-30,29251,350.0
2019-07-01,29251,350.0
2019-07-02,29251,350.0
2019-07-03,29251,350.0
2019-07-05,29251,350.0
2019-07-06,29251,350.0
2019-07-09,29251,348.0
2019-07-11,29251,348.0
2019-07-12,29251,348.0
2019-07-13,29251,348.0
2019-07-15,29251,353.0
2019-07-16,29251,353.0
2019-07-17,29251,353.0
2019-07-18,29251,353.0
2019-07-19,29251,353.0
2019-07-20,29251,353.0
2019-07-22,29251,359.0
2019-07-23,29251,359.0
2019-07-24,29251,359.0
2019-07-26,29251,359.0
2019-07-28,29251,359.0
2019-07-30,29251,349.0
2019-07-31,29251,349.0
2019-08-01,29251,349.0
2019-08-02,29251,349.0
2019-08-03,29251,349.0
2019-08-04,29251,349.0
2019-08-06,29251,354.0
2019-08-07,29251,354.0
2019-08-09,29251,354.0
2019-08-10,29251,354.0
2019-08-11,29251,354.0
2019-08-13,29251,346.0
2019-08-14,29251,346.0
2019-08-15,29251,346.0
2019-08-16,29251,346.0
2019-08-17,29251,346.0
2019-08-18,29251,346.0
2019-08-19,29251,346.0
2019-08-20,29251,346.0
2019-08-21,29251,346.0
2019-08-22,29251,346.0
2019-08-24,29251,346.0
2019-08-25,29251,346.0
2019-08-27,29251,315.92
2019-08-28,29251,315.92
2019-08-29,29251,315.92
2019-08-30,29251,315.92
2019-08-31,29251,315.92
2019-09-02,29251,349.0
2019-09-06,29251,349.0
2019-09-07,29251,349.0
2019-09-08,29251,349.0
2019-09-09,29251,362.0
2019-09-10,29251,362.0
2019-09-11,29251,362.0
2019-09-12,29251,362.0
2019-09-13,29251,362.0
2019-09-14,29251,362.0
2019-09-15,29251,362.0
2019-09-16,29251,359.0
2019-09-17,29251,359.0
2019-09-18,29251,359.0
2019-09-19,29251,359.0
2019-09-20,29251,359.0
2019-09-21,29251,359.0
2019-09-23,29251,357.0
2019-09-24,29251,357.0
2019-09-25,29251,357.0
2019-09-26,29251,357.0
2019-09-27,29251,357.0
2019-09-28,29251,357.0
2019-09-29,29251,357.0
2019-09-30,29251,364.0
2019-10-01,29251,364.0
2019-10-03,29251,364.0
2019-10-04,29251,364.0
2019-10-05,29251,364.0
2019-10-06,29251,364.0
2019-10-07,29251,355.0
2019-10-08,29251,355.0
2019-10-09,29251,355.0
2019-10-10,29251,355.0
2019-10-11,29251,355.0
2019-10-12,29251,355.0
2019-10-13,29251,355.0
2019-10-14,29251,358.0
2019-10-16,29251,358.0
2019-10-17,29251,358.0
2019-10-18,29251,358.0
2019-10-19,29251,358.0
2019-10-20,29251,358.0
2019-10-21,29251,361.0
2019-10-22,29251,361.0
2019-10-23,29251,361.0
2019-10-25,29251,361.0
2019-10-26,29251,361.0
2019-10-27,29251,361.0
2019-10-28,29251,356.0
2019-10-29,29251,356.0
2019-10-30,29251,356.0
2019-11-02,29251,356.0
2019-11-03,29251,356.0
2019-11-04,29251,362.0
2019-11-06,29251,362.0
2019-11-07,29251,362.0
2019-11-08,29251,362.0
2019-11-09,29251,362.0
2019-11-10,29251,362.0
2019-11-11,29251,360.0
2019-11-12,29251,360.0
2019-11-13,29251,360.0
2019-11-14,29251,360.0
2019-11-15,29251,360.0
2019-11-16,29251,360.0
2019-11-17,29251,360.0
2019-11-18,29251,365.0
2019-11-19,29251,365.0
2019-11-20,29251,365.0
2019-11-23,29251,365.0
2019-11-26,29251,355.0
2019-11-27,29251,355.0
2019-11-28,29251,355.0
2019-11-29,29251,355.0
2019-11-30,29251,355.0
2019-12-01,29251,355.0
2018-12-05,39924,224.0
2018-12-06,39924,224.0
2018-12-07,39924,224.0
2018-12-08,39924,224.0
2018-12-09,39924,224.0
2018-12-10,39924,198.0
2018-12-11,39924,198.0
2018-12-12,39924,198.0
2018-12-13,39924,198.0
2018-12-14,39924,198.0
2018-12-15,39924,198.0
2018-12-16,39924,198.0
2018-12-18,39924,198.88
2018-12-19,39924,198.88
2018-12-20,39924,198.88
2018-12-22,39924,198.88
2018-12-23,39924,198.88
2018-12-24,39924,198.88
2018-12-25,39924,198.88
2018-12-26,39924,198.88
2018-12-27,39924,198.88
2018-12-28,39924,198.88
2019-01-01,39924,200.64000000000001
2019-01-02,39924,200.64000000000001
2019-01-03,39924,200.64000000000001
2019-01-04,39924,200.64000000000001
2019-01-05,39924,200.64000000000001
2019-01-07,39924,200.64000000000001
2019-01-08,39924,200.64000000000001
2019-01-09,39924,200.64000000000001
2019-01-10,39924,200.64000000000001
2019-01-11,39924,200.64000000000001
2019-01-12,39924,200.64000000000001
2019-01-13,39924,200.64000000000001
2019-01-14,39924,229.0
2019-01-15,39924,229.0
2019-01-16,39924,229.0
2019-01-17,39924,229.0
2019-01-18,39924,229.0
2019-01-19,39924,229.0
2019-01-20,39924,229.0
2019-01-22,39924,230.0
2019-01-23,39924,230.0
2019-01-24,39924,230.0
2019-01-26,39924,230.0
2019-01-27,39924,230.0
2019-01-28,39924,231.0
2019-01-29,39924,231.0
2019-01-31,39924,231.0
2019-02-01,39924,231.0
2019-02-03,39924,231.0
2019-02-04,39924,233.0
2019-02-05,39924,233.0
2019-02-08,39924,233.0
2019-02-09,39924,233.0
2019-02-10,39924,233.0
2019-02-11,39924,231.0
2019-02-12,39924,231.0
2019-02-13,39924,231.0
2019-02-14,39924,231.0
2019-02-16,39924,231.0
2019-02-17,39924,231.0
2019-02-18,39924,206.8
2019-02-19,39924,206.8
2019-02-20,39924,206.8
2019-02-21,39924,206.8
2019-02-22,39924,206.8
2019-02-23,39924,206.8
2019-02-24,39924,206.8
2019-02-25,39924,235.0
2019-02-26,39924,235.0
2019-02-27,39924,235.0
2019-02-28,39924,235.0
2019-03-04,39924,206.8
2019-03-05,39924,206.8
2019-03-06,39924,206.8
2019-03-10,39924,206.8
2019-03-11,39924,238.0
2019-03-12,39924,238.0
2019-03-14,39924,238.0
2019-03-15,39924,238.0
2019-03-16,39924,238.0
2019-03-17,39924,238.0
2019-03-18,39924,234.0
2019-03-19,39924,234.0
2019-03-20,39924,234.0
2019-03-21,39924,234.0
2019-03-22,39924,234.0
2019-03-23,39924,234.0
2019-03-25,39924,238.0
2019-03-28,39924,238.0
2019-03-29,39924,238.0
2019-03-30,39924,238.0
2019-04-01,39924,240.0
2019-04-02,39924,240.0
2019-04-05,39924,240.0
2019-04-06,39924,240.0
2019-04-07,39924,240.0
2019-04-08,39924,238.0
2019-04-09,39924,238.0
2019-04-10,39924,238.0
2019-04-11,39924,238.0
2019-04-12,39924,238.0
2019-04-13,39924,238.0
2019-04-14,39924,238.0
2019-04-15,39924,241.0
2019-04-16,39924,241.0
2019-04-17,39924,241.0
2019-04-19,39924,241.0
2019-04-20,39924,241.0
2019-04-21,39924,241.0
2019-04-23,39924,237.0
2019-04-24,39924,237.0
2019-04-25,39924,237.0
2019-04-26,39924,237.0
2019-04-28,39924,237.0
2019-05-02,39924,216.48
2019-05-03,39924,216.48
2019-05-04,39924,216.48
2019-05-07,39924,218.24
2019-05-08,39924,218.24
2019-05-09,39924,218.24
2019-05-13,39924,241.0
2019-05-14,39924,241.0
2019-05-15,39924,241.0
2019-05-16,39924,241.0
2019-05-17,39924,241.0
2019-05-20,39924,242.0
2019-05-25,39924,242.0
2019-05-26,39924,242.0
2019-05-28,39924,241.0
2019-05-29,39924,241.0
2019-05-30,39924,241.0
2019-05-31,39924,241.0
2019-06-01,39924,241.0
2019-06-04,39924,244.0
2019-06-05,39924,244.0
2019-06-07,39924,244.0
2019-06-08,39924,244.0
2019-06-09,39924,244.0
2019-06-10,39924,249.0
2019-06-11,39924,249.0
2019-06-12,39924,249.0
2019-06-13,39924,249.0
2019-06-14,39924,249.0
2019-06-15,39924,249.0
2019-06-17,39924,254.0
2019-06-18,39924,254.0
2019-06-20,39924,254.0
2019-06-21,39924,254.0
2019-06-23,39924,254.0
2019-06-24,39924,248.0
2019-06-28,39924,248.0
2019-06-29,39924,248.0
2019-07-01,39924,256.0
2019-07-02,39924,256.0
2019-07-03,39924,256.0
2019-07-04,39924,256.0
2019-07-05,39924,256.0
2019-07-06,39924,256.0
2019-07-08,39924,259.0
2019-07-09,39924,259.0
2019-07-10,39924,259.0
2019-07-11,39924,259.0
2019-07-12,39924,259.0
2019-07-13,39924,259.0
2019-07-14,39924,259.0
2019-07-15,39924,250.0
2019-07-18,39924,250.0
2019-07-19,39924,250.0
2019-07-20,39924,250.0
2019-07-21,39924,250.0
2019-07-22,39924,249.0
2019-07-23,39924,249.0
2019-07-24,39924,249.0
2019-07-25,39924,249.0
2019-07-30,39924,256.0
2019-07-31,39924,256.0
2019-08-01,39924,256.0
2019-08-02,39924,256.0
2019-08-03,39924,256.0
2019-08-04,39924,256.0
2019-08-05,39924,253.0
2019-08-07,39924,253.0
2019-08-08,39924,253.0
2019-08-09,39924,253.0
2019-08-11,39924,253.0
2019-08-13,39924,254.0
2019-08-14,39924,254.0
2019-08-17,39924,254.0
2019-08-18,39924,254.0
2019-08-19,39924,257.0
2019-08-21,39924,257.0
2019-08-22,39924,257.0
2019-08-23,39924,257.0
2019-08-25,39924,257.0
2019-08-26,39924,224.4
2019-08-27,39924,224.4
2019-08-28,39924,224.4
2019-08-29,39924,224.4
2019-08-31,39924,224.4
2019-09-01,39924,224.4
2019-09-02,39924,266.0
2019-09-03,39924,266.0
2019-09-05,39924,266.0
2019-09-06,39924,266.0
2019-09-07,39924,266.0
2019-09-09,39924,257.0
2019-09-10,39924,257.0
2019-09-11,39924,257.0
2019-09-12,39924,257.0
2019-09-13,39924,257.0
2019-09-14,39924,257.0
2019-09-15,39924,257.0
2019-09-16,39924,263.0
2019-09-17,39924,263.0
2019-09-18,39924,263.0
2019-09-19,39924,263.0
2019-09-20,39924,263.0
2019-09-21,39924,263.0
2019-09-22,39924,263.0
2019-09-24,39924,261.0
2019-09-25,39924,261.0
2019-09-26,39924,261.0
2019-09-27,39924,261.0
2019-09-29,39924,261.0
2019-09-30,39924,262.0
2019-10-02,39924,262.0
2019-10-03,39924,262.0
2019-10-04,39924,262.0
2019-10-05,39924,262.0
2019-10-06,39924,262.0
2019-10-07,39924,257.0
2019-10-08,39924,257.0
2019-10-10,39924,257.0
2019-10-11,39924,257.0
2019-10-13,39924,257.0
2019-10-14,39924,267.0
2019-10-15,39924,267.0
2019-10-16,39924,267.0
2019-10-17,39924,267.0
2019-10-19,39924,267.0
2019-10-20,39924,267.0
2019-10-21,39924,268.0
2019-10-23,39924,268.0
2019-10-25,39924,268.0
2019-10-26,39924,268.0
2019-10-27,39924,268.0
2019-10-29,39924,266.0
2019-10-31,39924,266.0
2019-11-01,39924,266.0
2019-11-02,39924,266.0
2019-11-03,39924,266.0
2019-11-04,39924,269.0
2019-11-05,39924,269.0
2019-11-06,39924,269.0
2019-11-08,39924,269.0
2019-11-09,39924,269.0
2019-11-10,39924,269.0
2019-11-12,39924,264.0
2019-11-13,39924,264.0
2019-11-14,39924,264.0
2019-11-15,39924,264.0
2019-11-16,39924,264.0
2019-11-17,39924,264.0
2019-11-19,39924,275.0
2019-11-20,39924,275.0
2019-11-21,39924,275.0
2019-11-22,39924,275.0
2019-11-24,39924,275.0
2019-11-26,39924,276.0
2019-11-27,39924,276.0
2019-11-28,39924,276.0
2019-11-30,39924,276.0
2019-12-01,39924,276.0
2018-07-08,40937,346.0
2018-07-10,40937,346.0
2018-07-12,40937,346.0
2018-07-13,40937,346.0
2018-07-14,40937,346.0
2018-07-15,40937,346.0
2018-07-16,40937,347.0
2018-07-17,40937,347.0
2018-07-18,40937,347.0
2018-07-19,40937,347.0
2018-07-20,40937,347.0
2018-07-21,40937,347.0
2018-07-22,40937,347.0
2018-07-23,40937,348.0
2018-07-24,40937,348.0
2018-07-25,40937,348.0
2018-07-26,40937,348.0
2018-07-27,40937,348.0
2018-07-28,40937,348.0
2018-07-29,40937,348.0
2018-07-30,40937,349.0
2018-07-31,40937,349.0
2018-08-02,40937,349.0
2018-08-03,40937,349.0
2018-08-04,40937,349.0
2018-08-05,40937,349.0
2018-08-06,40937,350.0
2018-08-08,40937,350.0
2018-08-09,40937,350.0
2018-08-10,40937,350.0
2018-08-11,40937,350.0
2018-08-12,40937,350.0
2018-08-14,40937,351.0
2018-08-15,40937,351.0
2018-08-16,40937,351.0
2018-08-17,40937,351.0
2018-08-18,40937,351.0
2018-08-19,40937,351.0
2018-08-20,40937,352.0
2018-08-21,40937,352.0
2018-08-23,40937,352.0
2018-08-24,40937,352.0
2018-08-25,40937,352.0
2018-08-26,40937,352.0
2018-08-27,40937,309.76
2018-08-28,40937,309.76
2018-08-29,40937,309.76
2018-08-31,40937,309.76
2018-09-02,40937,309.76
2018-09-03,40937,353.0
2018-09-05,40937,353.0
2018-09-06,40937,353.0
2018-09-07,40937,353.0
2018-09-09,40937,353.0
2018-09-10,40937,353.0
2018-09-11,40937,353.0
2018-09-13,40937,353.0
2018-09-16,40937,353.0
2018-09-17,40937,355.0
2018-09-18,40937,355.0
2018-09-19,40937,355.0
2018-09-20,40937,355.0
2018-09-21,40937,355.0
2018-09-24,40937,356.0
2018-09-26,40937,356.0
2018-09-28,40937,356.0
2018-09-29,40937,356.0
2018-09-30,40937,356.0
2018-10-01,40937,356.0
2018-10-02,40937,356.0
2018-10-03,40937,356.0
2018-10-04,40937,356.0
2018-10-07,40937,356.0
2018-10-08,40937,357.0
2018-10-10,40937,357.0
2018-10-12,40937,357.0
2018-10-13,40937,357.0
2018-10-14,40937,357.0
2018-10-15,40937,360.0
2018-10-16,40937,360.0
2018-10-18,40937,360.0
2018-10-19,40937,360.0
2018-10-20,40937,360.0
2018-10-21,40937,360.0
2018-10-23,40937,362.0
2018-10-24,40937,362.0
2018-10-25,40937,362.0
2018-10-26,40937,362.0
2018-10-27,40937,362.0
2018-10-29,40937,360.0
2018-10-31,40937,360.0
2018-11-02,40937,360.0
2018-11-03,40937,360.0
2018-11-04,40937,360.0
2018-11-07,40937,361.0
2018-11-09,40937,361.0
2018-11-10,40937,361.0
2018-11-12,40937,364.0
2018-11-13,40937,364.0
2018-11-14,40937,364.0
2018-11-15,40937,364.0
2018-11-17,40937,364.0
2018-11-19,40937,364.0
2018-11-20,40937,364.0
2018-11-21,40937,364.0
2018-11-22,40937,364.0
2018-11-23,40937,364.0
2018-11-24,40937,364.0
2018-11-25,40937,364.0
2018-11-26,40937,361.0
2018-11-27,40937,361.0
2018-11-28,40937,361.0
2018-11-29,40937,361.0
2018-11-30,40937,361.0
2018-12-01,40937,361.0
2018-12-03,40937,364.0
2018-12-04,40937,364.0
2018-12-05,40937,364.0
2018-12-06,40937,364.0
2018-12-07,40937,364.0
2018-12-08,40937,364.0
2018-12-11,40937,321.2
2018-12-12,40937,321.2
2018-12-13,40937,321.2
2018-12-14,40937,321.2
2018-12-16,40937,321.2
2018-12-17,40937,322.96
2018-12-18,40937,322.96
2018-12-19,40937,322.96
2018-12-20,40937,322.96
2018-12-21,40937,322.96
2018-12-22,40937,322.96
2018-12-23,40937,322.96
2018-12-25,40937,325.6
2018-12-26,40937,325.6
2018-12-27,40937,325.6
2018-12-28,40937,325.6
2018-12-29,40937,325.6
2018-12-30,40937,325.6
2018-12-31,40937,319.44
2019-01-01,40937,326.48
2019-01-02,40937,326.48
2019-01-04,40937,326.48
2019-01-05,40937,326.48
2019-01-06,40937,326.48
2019-01-07,40937,327.36
2019-01-08,40937,327.36
2019-01-09,40937,327.36
2019-01-10,40937,327.36
2019-01-11,40937,327.36
2019-01-12,40937,327.36
2019-01-13,40937,327.36
2019-01-14,40937,371.0
2019-01-15,40937,371.0
2019-01-16,40937,371.0
2019-01-17,40937,371.0
2019-01-18,40937,371.0
2019-01-19,40937,371.0
2019-01-20,40937,371.0
2019-01-22,40937,375.0
2019-01-23,40937,375.0
2019-01-24,40937,375.0
2019-01-25,40937,375.0
2019-01-27,40937,375.0
2019-01-28,40937,369.0
2019-01-29,40937,369.0
2019-01-30,40937,369.0
2019-02-01,40937,369.0
2019-02-02,40937,369.0
2019-02-03,40937,369.0
2019-02-04,40937,366.0
2019-02-05,40937,366.0
2019-02-07,40937,366.0
2019-02-08,40937,366.0
2019-02-09,40937,366.0
2019-02-10,40937,366.0
2019-02-11,40937,369.0
2019-02-12,40937,369.0
2019-02-13,40937,369.0
2019-02-14,40937,369.0
2019-02-15,40937,369.0
2019-02-16,40937,369.0
2019-02-17,40937,369.0
2019-02-18,40937,327.36
2019-02-19,40937,327.36
2019-02-20,40937,327.36
2019-02-21,40937,327.36
2019-02-22,40937,327.36
2019-02-23,40937,327.36
2019-02-25,40937,380.0
2019-02-26,40937,380.0
2019-02-27,40937,380.0
2019-02-28,40937,380.0
2019-03-01,40937,380.0
2019-03-02,40937,380.0
2019-03-03,40937,380.0
2019-03-05,40937,339.68
2019-03-06,40937,339.68
2019-03-07,40937,339.68
2019-03-08,40937,339.68
2019-03-11,40937,370.0
2019-03-12,40937,370.0
2019-03-13,40937,370.0
2019-03-14,40937,370.0
2019-03-16,40937,370.0
2019-03-17,40937,370.0
2019-03-18,40937,381.0
2019-03-22,40937,381.0
2019-03-23,40937,381.0
2019-03-24,40937,381.0
2019-03-25,40937,376.0
2019-03-26,40937,376.0
2019-03-27,40937,376.0
2019-03-28,40937,376.0
2019-03-29,40937,376.0
2019-03-31,40937,376.0
2019-04-01,40937,372.0
2019-04-02,40937,372.0
2019-04-03,40937,372.0
2019-04-04,40937,372.0
2019-04-05,40937,372.0
2019-04-06,40937,372.0
2019-04-07,40937,372.0
2019-04-08,40937,389.0
2019-04-09,40937,389.0
2019-04-10,40937,389.0
2019-04-11,40937,389.0
2019-04-13,40937,389.0
2019-04-14,40937,389.0
2019-04-15,40937,383.0
2019-04-16,40937,383.0
2019-04-17,40937,383.0
2019-04-18,40937,383.0
2019-04-19,40937,383.0
2019-04-20,40937,383.0
2019-04-21,40937,383.0
2019-04-22,40937,376.0
2019-04-23,40937,376.0
2019-04-24,40937,376.0
2019-04-25,40937,376.0
2019-04-26,40937,376.0
2019-04-29,40937,327.36
2019-04-30,40937,327.36
2019-05-01,40937,327.36
2019-05-02,40937,327.36
2019-05-04,40937,327.36
2019-05-05,40937,327.36
2019-05-06,40937,341.44
2019-05-08,40937,341.44
2019-05-09,40937,341.44
2019-05-10,40937,341.44
2019-05-11,40937,341.44
2019-05-12,40937,341.44
2019-05-13,40937,384.0
2019-05-15,40937,384.0
2019-05-17,40937,384.0
2019-05-18,40937,384.0
2019-05-19,40937,384.0
2019-05-20,40937,387.0
2019-05-21,40937,387.0
2019-05-22,40937,387.0
2019-05-24,40937,387.0
2019-05-25,40937,387.0
2019-05-26,40937,387.0
2019-05-27,40937,383.0
2019-05-28,40937,383.0
2019-05-29,40937,383.0
2019-05-31,40937,383.0
2019-06-01,40937,383.0
2019-06-03,40937,392.0
2019-06-04,40937,392.0
2019-06-06,40937,392.0
2019-06-07,40937,392.0
2019-06-08,40937,392.0
2019-06-09,40937,392.0
2019-06-10,40937,381.0
2019-06-11,40937,381.0
2019-06-12,40937,381.0
2019-06-13,40937,381.0
2019-06-14,40937,381.0
2019-06-15,40937,381.0
2019-06-16,40937,381.0
2019-06-17,40937,382.0
2019-06-18,40937,382.0
2019-06-19,40937,382.0
2019-06-20,40937,382.0
2019-06-21,40937,382.0
2019-06-22,40937,382.0
2019-06-23,40937,382.0
2019-06-25,40937,392.0
2019-06-26,40937,392.0
2019-06-27,40937,392.0
2019-06-28,40937,392.0
2019-06-29,40937,392.0
2019-06-30,40937,392.0
2019-07-01,40937,393.0
2019-07-02,40937,393.0
2019-07-03,40937,393.0
2019-07-04,40937,393.0
2019-07-05,40937,393.0
2019-07-06,40937,393.0
2019-07-07,40937,393.0
2019-07-08,40937,391.0
2019-07-09,40937,391.0
2019-07-10,40937,391.0
2019-07-12,40937,391.0
2019-07-13,40937,391.0
2019-07-14,40937,391.0
2019-07-15,40937,401.0
2019-07-17,40937,401.0
2019-07-19,40937,401.0
2019-07-20,40937,401.0
2019-07-21,40937,401.0
2019-07-22,40937,396.0
2019-07-23,40937,396.0
2019-07-24,40937,396.0
2019-07-25,40937,396.0
2019-07-26,40937,396.0
2019-07-27,40937,396.0
2019-07-28,40937,396.0
2019-07-30,40937,390.0
2019-08-02,40937,390.0
2019-08-03,40937,390.0
2019-08-04,40937,390.0
2019-08-06,40937,387.0
2019-08-08,40937,387.0
2019-08-09,40937,387.0
2019-08-10,40937,387.0
2019-08-11,40937,387.0
2019-08-12,40937,398.0
2019-08-13,40937,398.0
2019-08-14,40937,398.0
2019-08-15,40937,398.0
2019-08-16,40937,398.0
2019-08-17,40937,398.0
2019-08-18,40937,398.0
2019-08-19,40937,399.0
2019-08-20,40937,399.0
2019-08-21,40937,399.0
2019-08-22,40937,399.0
2019-08-23,40937,399.0
2019-08-24,40937,399.0
2019-08-25,40937,399.0
2019-08-26,40937,352.0
2019-08-27,40937,352.0
2019-08-28,40937,352.0
2019-08-30,40937,352.0
2019-08-31,40937,352.0
2019-09-01,40937,352.0
2019-09-02,40937,386.0
2019-09-03,40937,386.0
2019-09-04,40937,386.0
2019-09-05,40937,386.0
2019-09-06,40937,386.0
2019-09-07,40937,386.0
2019-09-08,40937,386.0
2019-09-09,40937,402.0
2019-09-10,40937,402.0
2019-09-11,40937,402.0
2019-09-12,40937,402.0
2019-09-13,40937,402.0
2019-09-16,40937,399.0
2019-09-17,40937,399.0
2019-09-18,40937,399.0
2019-09-19,40937,399.0
2019-09-20,40937,399.0
2019-09-21,40937,399.0
2019-09-22,40937,399.0
2019-09-23,40937,408.0
2019-09-24,40937,408.0
2019-09-25,40937,408.0
2019-09-26,40937,408.0
2019-09-27,40937,408.0
2019-09-28,40937,408.0
2019-09-29,40937,408.0
2019-09-30,40937,405.0
2019-10-01,40937,405.0
2019-10-02,40937,405.0
2019-10-03,40937,405.0
2019-10-04,40937,405.0
2019-10-05,40937,405.0
2019-10-06,40937,405.0
2019-10-07,40937,414.0
2019-10-08,40937,414.0
2019-10-11,40937,414.0
2019-10-12,40937,414.0
2019-10-13,40937,414.0
2019-10-14,40937,411.0
2019-10-15,40937,411.0
2019-10-17,40937,411.0
2019-10-18,40937,411.0
2019-10-19,40937,411.0
2019-10-20,40937,411.0
2019-10-21,40937,395.0
2019-10-22,40937,395.0
2019-10-24,40937,395.0
2019-10-25,40937,395.0
2019-10-27,40937,395.0
2019-10-29,40937,396.0
2019-10-30,40937,396.0
2019-11-01,40937,396.0
2019-11-02,40937,396.0
2019-11-04,40937,405.0
2019-11-05,40937,405.0
2019-11-06,40937,405.0
2019-11-07,40937,405.0
2019-11-08,40937,405.0
2019-11-09,40937,405.0
2019-11-10,40937,405.0
2019-11-11,40937,410.0
2019-11-12,40937,410.0
2019-11-13,40937,410.0
2019-11-14,40937,410.0
2019-11-16,40937,410.0
2019-11-18,40937,411.0
2019-11-19,40937,411.0
2019-11-20,40937,411.0
2019-11-21,40937,411.0
2019-11-22,40937,411.0
2019-11-23,40937,411.0
2019-11-24,40937,411.0
2019-11-25,40937,425.0
2019-11-26,40937,425.0
2019-11-27,40937,425.0
2019-11-28,40937,425.0
2019-11-29,40937,425.0
2019-11-30,40937,425.0
2019-12-01,40937,425.0
2018-09-14,50971,253.0
2018-09-16,50971,253.0
2018-09-17,50971,253.0
2018-09-18,50971,253.0
2018-09-19,50971,253.0
2018-09-20,50971,253.0
2018-09-21,50971,253.0
2018-09-23,50971,253.0
2018-09-24,50971,254.0
2018-09-25,50971,254.0
2018-09-26,50971,254.0
2018-09-27,50971,254.0
2018-09-28,50971,254.0
2018-09-30,50971,254.0
2018-10-01,50971,255.0
2018-10-02,50971,255.0
2018-10-03,50971,255.0
2018-10-05,50971,255.0
2018-10-06,50971,255.0
2018-10-07,50971,255.0
2018-10-09,50971,256.0
2018-10-10,50971,256.0
2018-10-11,50971,256.0
2018-10-12,50971,256.0
2018-10-13,50971,256.0
2018-10-16,50971,256.0
2018-10-17,50971,256.0
2018-10-18,50971,256.0
2018-10-19,50971,256.0
2018-10-20,50971,256.0
2018-10-21,50971,256.0
2018-10-22,50971,258.0
2018-10-23,50971,258.0
2018-10-24,50971,258.0
2018-10-25,50971,258.0
2018-10-26,50971,258.0
2018-10-28,50971,258.0
2018-10-30,50971,257.0
2018-10-31,50971,257.0
2018-11-02,50971,257.0
2018-11-03,50971,257.0
2018-11-04,50971,257.0
2018-11-05,50971,259.0
2018-11-06,50971,259.0
2018-11-08,50971,259.0
2018-11-09,50971,259.0
2018-11-10,50971,259.0
2018-11-11,50971,259.0
2018-11-12,50971,258.0
2018-11-13,50971,258.0
2018-11-14,50971,258.0
2018-11-15,50971,258.0
2018-11-16,50971,258.0
2018-11-17,50971,258.0
2018-11-18,50971,258.0
2018-11-19,50971,260.0
2018-11-20,50971,260.0
2018-11-23,50971,260.0
2018-11-24,50971,260.0
2018-11-26,50971,262.0
2018-11-27,50971,262.0
2018-11-28,50971,262.0
2018-11-29,50971,262.0
2018-11-30,50971,262.0
2018-12-01,50971,262.0
2018-12-02,50971,262.0
2018-12-03,50971,261.0
2018-12-05,50971,261.0
2018-12-06,50971,261.0
2018-12-07,50971,261.0
2018-12-08,50971,261.0
2018-12-09,50971,261.0
2018-12-10,50971,262.0
2018-12-11,50971,262.0
2018-12-12,50971,262.0
2018-12-13,50971,262.0
2018-12-15,50971,262.0
2018-12-16,50971,262.0
2018-12-17,50971,264.0
2018-12-18,50971,264.0
2018-12-19,50971,264.0
2018-12-20,50971,264.0
2018-12-21,50971,264.0
2018-12-22,50971,264.0
2018-12-23,50971,264.0
2018-12-24,50971,264.0
2018-12-26,50971,264.0
2018-12-27,50971,264.0
2018-12-28,50971,264.0
2018-12-29,50971,264.0
2018-12-30,50971,264.0
2018-12-31,50971,262.0
2019-01-01,50971,264.0
2019-01-02,50971,264.0
2019-01-03,50971,264.0
2019-01-04,50971,264.0
2019-01-05,50971,264.0
2019-01-06,50971,264.0
2019-01-07,50971,265.0
2019-01-09,50971,265.0
2019-01-10,50971,265.0
2019-01-11,50971,265.0
2019-01-12,50971,265.0
2019-01-13,50971,265.0
2019-01-14,50971,264.0
2019-01-15,50971,264.0
2019-01-17,50971,264.0
2019-01-18,50971,264.0
2019-01-19,50971,264.0
2019-01-20,50971,264.0
2019-01-21,50971,266.0
2019-01-22,50971,266.0
2019-01-23,50971,266.0
2019-01-24,50971,266.0
2019-01-25,50971,266.0
2019-01-26,50971,266.0
2019-01-27,50971,266.0
2019-01-28,50971,265.0
2019-01-29,50971,265.0
2019-01-30,50971,265.0
2019-01-31,50971,265.0
2019-02-02,50971,265.0
2019-02-03,50971,265.0
2019-02-04,50971,268.0
2019-02-07,50971,268.0
2019-02-08,50971,268.0
2019-02-09,50971,268.0
2019-02-11,50971,273.0
2019-02-14,50971,273.0
2019-02-15,50971,273.0
2019-02-16,50971,273.0
2019-02-17,50971,273.0
2019-02-18,50971,267.0
2019-02-21,50971,267.0
2019-02-22,50971,267.0
2019-02-23,50971,267.0
2019-02-24,50971,267.0
2019-02-26,50971,269.0
2019-02-27,50971,269.0
2019-02-28,50971,269.0
2019-03-03,50971,269.0
2019-03-04,50971,273.0
2019-03-05,50971,273.0
2019-03-06,50971,273.0
2019-03-07,50971,273.0
2019-03-08,50971,273.0
2019-03-09,50971,273.0
2019-03-10,50971,273.0
2019-03-11,50971,276.0
2019-03-12,50971,276.0
2019-03-14,50971,276.0
2019-03-15,50971,276.0
2019-03-17,50971,276.0
2019-03-18,50971,271.0
2019-03-19,50971,271.0
2019-03-22,50971,271.0
2019-03-23,50971,271.0
2019-03-24,50971,271.0
2019-03-25,50971,275.0
2019-03-26,50971,275.0
2019-03-27,50971,275.0
2019-03-30,50971,275.0
2019-03-31,50971,275.0
2019-04-01,50971,278.0
2019-04-02,50971,278.0
2019-04-04,50971,278.0
2019-04-06,50971,278.0
2019-04-07,50971,278.0
2019-04-09,50971,270.0
2019-04-10,50971,270.0
2019-04-11,50971,270.0
2019-04-13,50971,270.0
2019-04-15,50971,277.0
2019-04-16,50971,277.0
2019-04-17,50971,277.0
2019-04-20,50971,277.0
2019-04-21,50971,277.0
2019-04-22,50971,279.0
2019-04-23,50971,279.0
2019-04-26,50971,279.0
2019-04-27,50971,279.0
2019-04-28,50971,279.0
2019-04-29,50971,275.0
2019-04-30,50971,275.0
2019-05-01,50971,275.0
2019-05-02,50971,275.0
2019-05-03,50971,275.0
2019-05-04,50971,275.0
2019-05-05,50971,275.0
2019-05-06,50971,278.0
2019-05-07,50971,278.0
2019-05-09,50971,278.0
2019-05-11,50971,278.0
2019-05-12,50971,278.0
2019-05-13,50971,276.0
2019-05-14,50971,276.0
2019-05-15,50971,276.0
2019-05-16,50971,276.0
2019-05-17,50971,276.0
2019-05-18,50971,276.0
2019-05-19,50971,276.0
2019-05-20,50971,279.0
2019-05-21,50971,279.0
2019-05-22,50971,279.0
2019-05-25,50971,279.0
2019-05-26,50971,279.0
2019-05-27,50971,274.0
2019-05-28,50971,274.0
2019-05-29,50971,274.0
2019-05-30,50971,274.0
2019-06-02,50971,274.0
2019-06-03,50971,275.0
2019-06-04,50971,275.0
2019-06-05,50971,275.0
2019-06-07,50971,275.0
2019-06-08,50971,275.0
2019-06-09,50971,275.0
2019-06-11,50971,283.0
2019-06-12,50971,283.0
2019-06-13,50971,283.0
2019-06-14,50971,283.0
2019-06-15,50971,283.0
2019-06-17,50971,288.0
2019-06-18,50971,288.0
2019-06-19,50971,288.0
2019-06-20,50971,288.0
2019-06-21,50971,288.0
2019-06-22,50971,288.0
2019-06-23,50971,288.0
2019-06-25,50971,287.0
2019-06-26,50971,287.0
2019-06-27,50971,287.0
2019-06-28,50971,287.0
2019-06-29,50971,287.0
2019-07-01,50971,275.0
2019-07-03,50971,275.0
2019-07-04,50971,275.0
2019-07-05,50971,275.0
2019-07-06,50971,275.0
2019-07-07,50971,275.0
2019-07-08,50971,286.0
2019-07-09,50971,286.0
2019-07-11,50971,286.0
2019-07-13,50971,286.0
2019-07-14,50971,286.0
2019-07-15,50971,287.0
2019-07-17,50971,287.0
2019-07-18,50971,287.0
2019-07-19,50971,287.0
2019-07-20,50971,287.0
2019-07-22,50971,281.0
2019-07-23,50971,281.0
2019-07-25,50971,281.0
2019-07-26,50971,281.0
2019-07-28,50971,281.0
2019-07-29,50971,289.0
2019-07-30,50971,289.0
2019-07-31,50971,289.0
2019-08-01,50971,289.0
2019-08-02,50971,289.0
2019-08-03,50971,289.0
2019-08-04,50971,289.0
2019-08-05,50971,289.0
2019-08-06,50971,289.0
2019-08-07,50971,289.0
2019-08-08,50971,289.0
2019-08-09,50971,289.0
2019-08-11,50971,289.0
2019-08-12,50971,283.0
2019-08-13,50971,283.0
2019-08-14,50971,283.0
2019-08-15,50971,283.0
2019-08-16,50971,283.0
2019-08-19,50971,294.0
2019-08-20,50971,294.0
2019-08-21,50971,294.0
2019-08-22,50971,294.0
2019-08-23,50971,294.0
2019-08-24,50971,294.0
2019-08-26,50971,292.0
2019-08-27,50971,292.0
2019-08-29,50971,292.0
2019-08-30,50971,292.0
2019-08-31,50971,292.0
2019-09-01,50971,292.0
2019-09-02,50971,290.0
2019-09-03,50971,290.0
2019-09-05,50971,290.0
2019-09-06,50971,290.0
2019-09-07,50971,290.0
2019-09-08,50971,290.0
2019-09-10,50971,291.0
2019-09-11,50971,291.0
2019-09-12,50971,291.0
2019-09-13,50971,291.0
2019-09-14,50971,291.0
2019-09-15,50971,291.0
2019-09-16,50971,297.0
2019-09-17,50971,297.0
2019-09-18,50971,297.0
2019-09-19,50971,297.0
2019-09-20,50971,297.0
2019-09-21,50971,297.0
2019-09-22,50971,297.0
2019-09-25,50971,292.0
2019-09-26,50971,292.0
2019-09-27,50971,292.0
2019-09-28,50971,292.0
2019-09-29,50971,292.0
2019-09-30,50971,299.0
2019-10-01,50971,299.0
2019-10-03,50971,299.0
2019-10-04,50971,299.0
2019-10-05,50971,299.0
2019-10-06,50971,299.0
2019-10-07,50971,297.0
2019-10-08,50971,297.0
2019-10-09,50971,297.0
2019-10-10,50971,297.0
2019-10-11,50971,297.0
2019-10-12,50971,297.0
2019-10-13,50971,297.0
2019-10-14,50971,297.0
2019-10-15,50971,297.0
2019-10-16,50971,297.0
2019-10-17,50971,297.0
2019-10-18,50971,297.0
2019-10-19,50971,297.0
2019-10-20,50971,297.0
2019-10-21,50971,283.0
2019-10-22,50971,283.0
2019-10-23,50971,283.0
2019-10-24,50971,283.0
2019-10-26,50971,283.0
2019-10-27,50971,283.0
2019-10-29,50971,302.0
2019-10-30,50971,302.0
2019-10-31,50971,302.0
2019-11-01,50971,302.0
2019-11-02,50971,302.0
2019-11-03,50971,302.0
2019-11-04,50971,306.0
2019-11-05,50971,306.0
2019-11-06,50971,306.0
2019-11-07,50971,306.0
2019-11-08,50971,306.0
2019-11-10,50971,306.0
2019-11-11,50971,300.0
2019-11-12,50971,300.0
2019-11-13,50971,300.0
2019-11-14,50971,300.0
2019-11-15,50971,300.0
2019-11-16,50971,300.0
2019-11-17,50971,300.0
2019-11-19,50971,311.0
2019-11-20,50971,311.0
2019-11-21,50971,311.0
2019-11-23,50971,311.0
2019-11-24,50971,311.0
2019-11-26,50971,299.0
2019-11-27,50971,299.0
2019-11-28,50971,299.0
2019-11-29,50971,299.0
2019-11-30,50971,299.0
2019-12-01,50971,299.0
2019-01-08,67179,218.24
2019-01-09,67179,218.24
2019-01-11,67179,218.24
2019-01-12,67179,218.24
2019-01-13,67179,218.24
2019-01-14,67179,248.0
2019-01-16,67179,248.0
2019-01-17,67179,248.0
2019-01-18,67179,248.0
2019-01-20,67179,248.0
2019-01-21,67179,248.0
2019-01-22,67179,248.0
2019-01-23,67179,248.0
2019-01-24,67179,248.0
2019-01-25,67179,248.0
2019-01-26,67179,248.0
2019-01-28,67179,249.0
2019-01-30,67179,249.0
2019-02-01,67179,249.0
2019-02-02,67179,249.0
2019-02-03,67179,249.0
2019-02-05,67179,249.0
2019-02-06,67179,249.0
2019-02-07,67179,249.0
2019-02-09,67179,249.0
2019-02-10,67179,249.0
2019-02-11,67179,249.0
2019-02-12,67179,249.0
2019-02-13,67179,249.0
2019-02-14,67179,249.0
2019-02-16,67179,249.0
2019-02-18,67179,219.12
2019-02-20,67179,219.12
2019-02-21,67179,219.12
2019-02-23,67179,219.12
2019-02-24,67179,219.12
2019-02-25,67179,250.0
2019-02-26,67179,250.0
2019-02-27,67179,250.0
2019-02-28,67179,250.0
2019-03-02,67179,250.0
2019-03-03,67179,250.0
2019-03-04,67179,219.12
2019-03-05,67179,219.12
2019-03-09,67179,219.12
2019-03-10,67179,219.12
2019-03-11,67179,250.0
2019-03-13,67179,250.0
2019-03-15,67179,250.0
2019-03-16,67179,250.0
2019-03-17,67179,250.0
2019-03-18,67179,250.0
2019-03-19,67179,250.0
2019-03-21,67179,250.0
2019-03-22,67179,250.0
2019-03-23,67179,250.0
2019-03-24,67179,250.0
2019-03-25,67179,250.0
2019-03-26,67179,250.0
2019-03-28,67179,250.0
2019-03-29,67179,250.0
2019-03-30,67179,250.0
2019-03-31,67179,250.0
2019-04-03,67179,251.0
2019-04-04,67179,251.0
2019-04-05,67179,251.0
2019-04-06,67179,251.0
2019-04-09,67179,251.0
2019-04-10,67179,251.0
2019-04-11,67179,251.0
2019-04-12,67179,251.0
2019-04-13,67179,251.0
2019-04-14,67179,251.0
2019-04-15,67179,251.0
2019-04-16,67179,251.0
2019-04-17,67179,251.0
2019-04-19,67179,251.0
2019-04-21,67179,251.0
2019-04-23,67179,252.0
2019-04-24,67179,252.0
2019-04-26,67179,252.0
2019-04-27,67179,252.0
2019-04-29,67179,222.64000000000001
2019-04-30,67179,222.64000000000001
2019-05-01,67179,222.64000000000001
2019-05-02,67179,222.64000000000001
2019-05-03,67179,222.64000000000001
2019-05-04,67179,222.64000000000001
2019-05-05,67179,222.64000000000001
2019-05-06,67179,220.88
2019-05-08,67179,220.88
2019-05-09,67179,220.88
2019-05-10,67179,220.88
2019-05-11,67179,220.88
2019-05-12,67179,220.88
2019-05-15,67179,253.0
2019-05-16,67179,253.0
2019-05-17,67179,253.0
2019-05-19,67179,253.0
2019-05-20,67179,253.0
2019-05-22,67179,253.0
2019-05-23,67179,253.0
2019-05-24,67179,253.0
2019-05-26,67179,253.0
2019-05-27,67179,252.0
2019-05-29,67179,252.0
2019-05-30,67179,252.0
2019-05-31,67179,252.0
2019-06-01,67179,252.0
2019-06-03,67179,253.0
2019-06-06,67179,253.0
2019-06-07,67179,253.0
2019-06-10,67179,254.0
2019-06-11,67179,254.0
2019-06-12,67179,254.0
2019-06-13,67179,254.0
2019-06-15,67179,254.0
2019-06-16,67179,254.0
2019-06-17,67179,253.0
2019-06-18,67179,253.0
2019-06-19,67179,253.0
2019-06-21,67179,253.0
2019-06-23,67179,253.0
2019-06-24,67179,255.0
2019-06-25,67179,255.0
2019-06-26,67179,255.0
2019-06-27,67179,255.0
2019-06-28,67179,255.0
2019-06-29,67179,255.0
2019-06-30,67179,255.0
2019-07-01,67179,253.0
2019-07-03,67179,253.0
2019-07-04,67179,253.0
2019-07-06,67179,253.0
2019-07-07,67179,253.0
2019-07-09,67179,253.0
2019-07-10,67179,253.0
2019-07-11,67179,253.0
2019-07-12,67179,253.0
2019-07-13,67179,253.0
2019-07-16,67179,255.0
2019-07-19,67179,255.0
2019-07-20,67179,255.0
2019-07-21,67179,255.0
2019-07-26,67179,256.0
2019-07-27,67179,256.0
2019-07-28,67179,256.0
2019-07-29,67179,255.0
2019-08-01,67179,255.0
2019-08-02,67179,255.0
2019-08-03,67179,255.0
2019-08-04,67179,255.0
2019-08-06,67179,254.0
2019-08-07,67179,254.0
2019-08-08,67179,254.0
2019-08-09,67179,254.0
2019-08-10,67179,254.0
2019-08-11,67179,254.0
2019-08-12,67179,255.0
2019-08-13,67179,255.0
2019-08-14,67179,255.0
2019-08-16,67179,255.0
2019-08-17,67179,255.0
2019-08-18,67179,255.0
2019-08-19,67179,256.0
2019-08-22,67179,256.0
2019-08-23,67179,256.0
2019-08-28,67179,226.16
2019-08-30,67179,226.16
2019-08-31,67179,226.16
2019-09-03,67179,258.0
2019-09-04,67179,258.0
2019-09-05,67179,258.0
2019-09-06,67179,258.0
2019-09-10,67179,257.0
2019-09-12,67179,257.0
2019-09-14,67179,257.0
2019-09-16,67179,255.0
2019-09-18,67179,255.0
2019-09-21,67179,255.0
2019-09-22,67179,255.0
2019-09-28,67179,256.0
2019-09-30,67179,257.0
2019-10-01,67179,257.0
2019-10-02,67179,257.0
2019-10-04,67179,257.0
2019-10-05,67179,257.0
2019-10-08,67179,256.0
2019-10-10,67179,256.0
2019-10-13,67179,256.0
2019-10-14,67179,256.0
2019-10-16,67179,256.0
2019-10-17,67179,256.0
2019-10-18,67179,256.0
2019-10-19,67179,256.0
2019-10-20,67179,256.0
2019-10-21,67179,258.0
2019-10-23,67179,258.0
2019-10-24,67179,258.0
2019-10-25,67179,258.0
2019-10-27,67179,258.0
2019-10-29,67179,256.0
2019-10-31,67179,256.0
2019-11-01,67179,256.0
2019-11-03,67179,256.0
2019-11-04,67179,258.0
2019-11-05,67179,258.0
2019-11-06,67179,258.0
2019-11-09,67179,258.0
2019-11-11,67179,258.0
2019-11-12,67179,258.0
2019-11-13,67179,258.0
2019-11-15,67179,258.0
2019-11-17,67179,258.0
2019-11-18,67179,260.0
2019-11-19,67179,260.0
2019-11-22,67179,260.0
2019-11-25,67179,260.0
2019-11-26,67179,260.0
2019-11-28,67179,260.0
2019-12-01,67179,260.0
2019-12-02,67179,259.0
2019-12-03,67179,259.0
2019-12-07,67179,259.0
2019-12-08,67179,259.0
2018-11-05,67286,165.0
2018-11-08,67286,165.0
2018-11-09,67286,165.0
2018-11-10,67286,165.0
2018-11-11,67286,165.0
2018-11-12,67286,165.0
2018-11-13,67286,165.0
2018-11-14,67286,165.0
2018-11-15,67286,165.0
2018-11-17,67286,165.0
2018-11-18,67286,165.0
2018-11-19,67286,166.0
2018-11-20,67286,166.0
2018-11-22,67286,166.0
2018-11-23,67286,166.0
2018-11-24,67286,166.0
2018-11-25,67286,166.0
2018-11-27,67286,166.0
2018-11-28,67286,166.0
2018-11-29,67286,166.0
2018-11-30,67286,166.0
2018-12-02,67286,166.0
2018-12-03,67286,166.0
2018-12-04,67286,166.0
2018-12-05,67286,166.0
2018-12-07,67286,166.0
2018-12-08,67286,166.0
2018-12-09,67286,166.0
2018-12-10,67286,166.0
2018-12-11,67286,166.0
2018-12-12,67286,166.0
2018-12-13,67286,166.0
2018-12-14,67286,166.0
2018-12-16,67286,166.0
2018-12-17,67286,167.0
2018-12-18,67286,167.0
2018-12-19,67286,167.0
2018-12-20,67286,167.0
2018-12-21,67286,167.0
2018-12-22,67286,167.0
2018-12-23,67286,167.0
2018-12-25,67286,167.0
2018-12-26,67286,167.0
2018-12-28,67286,167.0
2018-12-30,67286,167.0
2018-12-31,67286,167.0
2019-01-02,67286,168.0
2019-01-03,67286,168.0
2019-01-04,67286,168.0
2019-01-05,67286,168.0
2019-01-06,67286,168.0
2019-01-07,67286,168.0
2019-01-08,67286,168.0
2019-01-09,67286,168.0
2019-01-10,67286,168.0
2019-01-11,67286,168.0
2019-01-12,67286,168.0
2019-01-13,67286,168.0
2019-01-14,67286,169.0
2019-01-15,67286,169.0
2019-01-16,67286,169.0
2019-01-18,67286,169.0
2019-01-20,67286,169.0
2019-01-21,67286,168.0
2019-01-22,67286,168.0
2019-01-25,67286,168.0
2019-01-27,67286,168.0
2019-01-28,67286,169.0
2019-01-29,67286,169.0
2019-01-30,67286,169.0
2019-01-31,67286,169.0
2019-02-01,67286,169.0
2019-02-02,67286,169.0
2019-02-04,67286,169.0
2019-02-05,67286,169.0
2019-02-06,67286,169.0
2019-02-07,67286,169.0
2019-02-08,67286,169.0
2019-02-09,67286,169.0
2019-02-10,67286,169.0
2019-02-11,67286,169.0
2019-02-13,67286,169.0
2019-02-14,67286,169.0
2019-02-15,67286,169.0
2019-02-16,67286,169.0
2019-02-17,67286,169.0
2019-02-18,67286,169.0
2019-02-21,67286,169.0
2019-02-22,67286,169.0
2019-02-23,67286,169.0
2019-02-25,67286,170.0
2019-02-26,67286,170.0
2019-02-27,67286,170.0
2019-02-28,67286,170.0
2019-03-01,67286,170.0
2019-03-02,67286,170.0
2019-03-03,67286,170.0
2019-03-04,67286,172.0
2019-03-05,67286,172.0
2019-03-06,67286,172.0
2019-03-07,67286,172.0
2019-03-08,67286,172.0
2019-03-09,67286,172.0
2019-03-10,67286,172.0
2019-03-12,67286,172.0
2019-03-13,67286,172.0
2019-03-14,67286,172.0
2019-03-17,67286,172.0
2019-03-18,67286,172.0
2019-03-19,67286,172.0
2019-03-21,67286,172.0
2019-03-22,67286,172.0
2019-03-23,67286,172.0
2019-03-24,67286,172.0
2019-03-25,67286,171.0
2019-03-26,67286,171.0
2019-03-27,67286,171.0
2019-03-28,67286,171.0
2019-03-29,67286,171.0
2019-03-30,67286,171.0
2019-04-01,67286,170.0
2019-04-02,67286,170.0
2019-04-03,67286,170.0
2019-04-04,67286,170.0
2019-04-05,67286,170.0
2019-04-06,67286,170.0
2019-04-07,67286,170.0
2019-04-09,67286,174.0
2019-04-12,67286,174.0
2019-04-13,67286,174.0
2019-04-14,67286,174.0
2019-04-15,67286,173.0
2019-04-16,67286,173.0
2019-04-17,67286,173.0
2019-04-19,67286,173.0
2019-04-20,67286,173.0
2019-04-21,67286,173.0
2019-04-22,67286,173.0
2019-04-23,67286,173.0
2019-04-24,67286,173.0
2019-04-25,67286,173.0
2019-04-26,67286,173.0
2019-04-27,67286,173.0
2019-04-29,67286,175.0
2019-04-30,67286,175.0
2019-05-01,67286,175.0
2019-05-03,67286,175.0
2019-05-04,67286,175.0
2019-05-05,67286,175.0
2019-05-06,67286,140.0
2019-05-07,67286,140.0
2019-05-08,67286,140.0
2019-05-09,67286,140.0
2019-05-13,67286,137.6
2019-05-15,67286,137.6
2019-05-16,67286,137.6
2019-05-17,67286,137.6
2019-05-18,67286,137.6
2019-05-19,67286,137.6
2019-05-20,67286,139.20000000000002
2019-05-21,67286,139.20000000000002
2019-05-22,67286,139.20000000000002
2019-05-23,67286,139.20000000000002
2019-05-25,67286,139.20000000000002
2019-05-26,67286,139.20000000000002
2019-05-28,67286,138.4
2019-05-29,67286,138.4
2019-05-30,67286,138.4
2019-05-31,67286,138.4
2019-06-01,67286,138.4
2019-06-02,67286,138.4
2019-06-03,67286,137.6
2019-06-04,67286,137.6
2019-06-05,67286,137.6
2019-06-06,67286,137.6
2019-06-07,67286,137.6
2019-06-08,67286,137.6
2019-06-09,67286,137.6
2019-06-10,67286,140.8
2019-06-12,67286,140.8
2019-06-15,67286,140.8
2019-06-16,67286,140.8
2019-06-17,67286,142.4
2019-06-18,67286,142.4
2019-06-19,67286,142.4
2019-06-20,67286,142.4
2019-06-21,67286,142.4
2019-06-23,67286,142.4
2019-06-24,67286,142.4
2019-06-25,67286,142.4
2019-06-26,67286,142.4
2019-06-27,67286,142.4
2019-06-28,67286,142.4
2019-06-30,67286,142.4
2019-07-01,67286,142.4
2019-07-02,67286,142.4
2019-07-05,67286,142.4
2019-07-06,67286,142.4
2019-07-09,67286,139.20000000000002
2019-07-10,67286,139.20000000000002
2019-07-12,67286,139.20000000000002
2019-07-13,67286,139.20000000000002
2019-07-14,67286,139.20000000000002
2019-07-16,67286,140.8
2019-07-17,67286,140.8
2019-07-18,67286,140.8
2019-07-19,67286,140.8
2019-07-20,67286,140.8
2019-07-21,67286,140.8
2019-07-22,67286,140.8
2019-07-23,67286,140.8
2019-07-25,67286,140.8
2019-07-29,67286,142.4
2019-07-30,67286,142.4
2019-07-31,67286,142.4
2019-08-01,67286,142.4
2019-08-02,67286,142.4
2019-08-04,67286,142.4
2019-08-06,67286,141.6
2019-08-07,67286,141.6
2019-08-08,67286,141.6
2019-08-09,67286,141.6
2019-08-10,67286,141.6
2019-08-11,67286,141.6
2019-08-12,67286,142.4
2019-08-13,67286,142.4
2019-08-14,67286,142.4
2019-08-15,67286,142.4
2019-08-17,67286,142.4
2019-08-18,67286,142.4
2019-08-19,67286,141.6
2019-08-20,67286,141.6
2019-08-21,67286,141.6
2019-08-22,67286,141.6
2019-08-23,67286,141.6
2019-08-25,67286,141.6
2019-08-26,67286,142.4
2019-08-27,67286,142.4
2019-08-29,67286,142.4
2019-08-30,67286,142.4
2019-08-31,67286,142.4
2019-09-02,67286,144.0
2019-09-03,67286,144.0
2019-09-04,67286,144.0
2019-09-05,67286,144.0
2019-09-06,67286,144.0
2019-09-08,67286,144.0
2019-09-11,67286,182.0
2019-09-12,67286,182.0
2019-09-13,67286,182.0
2019-09-14,67286,182.0
2019-09-15,67286,182.0
2019-09-16,67286,183.0
2019-09-17,67286,183.0
2019-09-18,67286,183.0
2019-09-19,67286,183.0
2019-09-20,67286,183.0
2019-09-21,67286,183.0
2019-09-22,67286,183.0
2019-09-23,67286,177.0
2019-09-25,67286,177.0
2019-09-26,67286,177.0
2019-09-27,67286,177.0
2019-09-28,67286,177.0
2019-09-29,67286,177.0
2019-09-30,67286,177.0
2019-10-01,67286,177.0
2019-10-02,67286,177.0
2019-10-03,67286,177.0
2019-10-07,67286,180.0
2019-10-09,67286,180.0
2019-10-10,67286,180.0
2019-10-11,67286,180.0
2019-10-12,67286,180.0
2019-10-13,67286,180.0
2019-10-14,67286,177.0
2019-10-16,67286,177.0
2019-10-17,67286,177.0
2019-10-18,67286,177.0
2019-10-19,67286,177.0
2019-10-20,67286,177.0
2019-10-21,67286,182.0
2019-10-22,67286,182.0
2019-10-23,67286,182.0
2019-10-24,67286,182.0
2019-10-26,67286,182.0
2019-10-27,67286,182.0
2019-10-30,67286,184.0
2019-10-31,67286,184.0
2019-11-01,67286,184.0
2019-11-02,67286,184.0
2019-11-03,67286,184.0
2019-11-04,67286,178.0
2019-11-05,67286,178.0
2019-11-06,67286,178.0
2019-11-07,67286,178.0
2019-11-08,67286,178.0
2019-11-09,67286,178.0
2019-11-10,67286,178.0
2018-08-19,75536,291.0
2018-08-20,75536,291.0
2018-08-21,75536,291.0
2018-08-22,75536,291.0
2018-08-26,75536,291.0
2018-08-27,75536,292.0
2018-08-28,75536,292.0
2018-08-29,75536,292.0
2018-08-30,75536,292.0
2018-08-31,75536,292.0
2018-09-01,75536,292.0
2018-09-02,75536,292.0
2018-09-03,75536,293.0
2018-09-05,75536,293.0
2018-09-06,75536,293.0
2018-09-09,75536,293.0
2018-09-10,75536,294.0
2018-09-12,75536,294.0
2018-09-13,75536,294.0
2018-09-14,75536,294.0
2018-09-15,75536,294.0
2018-09-17,75536,295.0
2018-09-18,75536,295.0
2018-09-19,75536,295.0
2018-09-21,75536,295.0
2018-09-22,75536,295.0
2018-09-23,75536,295.0
2018-09-26,75536,295.0
2018-09-27,75536,295.0
2018-09-28,75536,295.0
2018-09-29,75536,295.0
2018-09-30,75536,295.0
2018-10-01,75536,295.0
2018-10-02,75536,295.0
2018-10-04,75536,295.0
2018-10-05,75536,295.0
2018-10-06,75536,295.0
2018-10-07,75536,295.0
2018-10-09,75536,297.0
2018-10-10,75536,297.0
2018-10-11,75536,297.0
2018-10-13,75536,297.0
2018-10-14,75536,297.0
2018-10-15,75536,297.0
2018-10-16,75536,297.0
2018-10-17,75536,297.0
2018-10-18,75536,297.0
2018-10-19,75536,297.0
2018-10-21,75536,297.0
2018-10-22,75536,298.0
2018-10-23,75536,298.0
2018-10-24,75536,298.0
2018-10-25,75536,298.0
2018-10-26,75536,298.0
2018-10-27,75536,298.0
2018-10-28,75536,298.0
2018-10-29,75536,299.0
2018-10-31,75536,299.0
2018-11-01,75536,299.0
2018-11-03,75536,299.0
2018-11-05,75536,302.0
2018-11-07,75536,302.0
2018-11-09,75536,302.0
2018-11-10,75536,302.0
2018-11-12,75536,332.20000000000005
2018-11-13,75536,332.20000000000005
2018-11-16,75536,332.20000000000005
2018-11-17,75536,332.20000000000005
2018-11-18,75536,332.20000000000005
2018-11-19,75536,331.1
2018-11-20,75536,331.1
2018-11-22,75536,331.1
2018-11-23,75536,331.1
2018-11-24,75536,331.1
2018-11-27,75536,336.6
2018-11-28,75536,336.6
2018-11-30,75536,336.6
2018-12-01,75536,336.6
2018-12-02,75536,336.6
2018-12-04,75536,334.40000000000003
2018-12-05,75536,334.40000000000003
2018-12-06,75536,334.40000000000003
2018-12-07,75536,334.40000000000003
2018-12-08,75536,334.40000000000003
2018-12-09,75536,334.40000000000003
2018-12-10,75536,332.20000000000005
2018-12-12,75536,332.20000000000005
2018-12-13,75536,332.20000000000005
2018-12-14,75536,332.20000000000005
2018-12-16,75536,332.20000000000005
2018-12-18,75536,336.6
2018-12-19,75536,336.6
2018-12-20,75536,336.6
2018-12-22,75536,336.6
2018-12-23,75536,336.6
2018-12-24,75536,335.5
2018-12-25,75536,335.5
2018-12-27,75536,335.5
2018-12-28,75536,335.5
2018-12-30,75536,335.5
2018-12-31,75536,306.0
2019-01-01,75536,306.0
2019-01-04,75536,306.0
2019-01-05,75536,306.0
2019-01-07,75536,305.0
2019-01-08,75536,305.0
2019-01-10,75536,305.0
2019-01-12,75536,305.0
2019-01-13,75536,305.0
2019-01-14,75536,307.0
2019-01-15,75536,307.0
2019-01-16,75536,307.0
2019-01-18,75536,307.0
2019-01-19,75536,307.0
2019-01-21,75536,309.0
2019-01-23,75536,309.0
2019-01-26,75536,309.0
2019-01-28,75536,305.0
2019-01-30,75536,305.0
2019-01-31,75536,305.0
2019-02-01,75536,305.0
2019-02-02,75536,305.0
2019-02-03,75536,305.0
2019-02-04,75536,308.0
2019-02-05,75536,308.0
2019-02-06,75536,308.0
2019-02-07,75536,308.0
2019-02-08,75536,308.0
2019-02-09,75536,308.0
2019-02-10,75536,308.0
2019-02-11,75536,309.0
2019-02-12,75536,309.0
2019-02-13,75536,309.0
2019-02-14,75536,309.0
2019-02-15,75536,309.0
2019-02-16,75536,309.0
2019-02-18,75536,318.0
2019-02-19,75536,318.0
2019-02-20,75536,318.0
2019-02-22,75536,318.0
2019-02-23,75536,318.0
2019-02-24,75536,318.0
2019-02-26,75536,311.0
2019-02-27,75536,311.0
2019-02-28,75536,311.0
2019-03-02,75536,311.0
2019-03-04,75536,316.0
2019-03-05,75536,316.0
2019-03-06,75536,316.0
2019-03-07,75536,316.0
2019-03-08,75536,316.0
2019-03-09,75536,316.0
2019-03-10,75536,316.0
2019-03-11,75536,310.0
2019-03-13,75536,310.0
2019-03-15,75536,310.0
2019-03-16,75536,310.0
2019-03-18,75536,316.0
2019-03-21,75536,316.0
2019-03-22,75536,316.0
2019-03-25,75536,313.0
2019-03-27,75536,313.0
2019-03-28,75536,313.0
2019-03-29,75536,313.0
2019-03-30,75536,313.0
2019-04-03,75536,316.0
2019-04-04,75536,316.0
2019-04-05,75536,316.0
2019-04-06,75536,316.0
2019-04-09,75536,318.0
2019-04-10,75536,318.0
2019-04-11,75536,318.0
2019-04-12,75536,318.0
2019-04-15,75536,312.0
2019-04-16,75536,312.0
2019-04-17,75536,312.0
2019-04-18,75536,312.0
2019-04-19,75536,312.0
2019-04-20,75536,312.0
2019-04-22,75536,328.0
2019-04-23,75536,328.0
2019-04-25,75536,328.0
2019-04-26,75536,328.0
2019-04-27,75536,328.0
2019-04-28,75536,328.0
2019-04-29,75536,315.0
2019-04-30,75536,315.0
2019-05-01,75536,315.0
2019-05-02,75536,315.0
2019-05-03,75536,315.0
2019-05-05,75536,315.0
2019-05-06,75536,322.0
2019-05-07,75536,322.0
2019-05-09,75536,322.0
2019-05-10,75536,322.0
2019-05-12,75536,322.0
2019-05-13,75536,327.0
2019-05-14,75536,327.0
2019-05-15,75536,327.0
2019-05-16,75536,327.0
2019-05-17,75536,327.0
2019-05-18,75536,327.0
2019-05-19,75536,327.0
2019-05-22,75536,319.0
2019-05-24,75536,319.0
2019-05-25,75536,319.0
2019-05-26,75536,319.0
2019-05-28,75536,318.0
2019-05-29,75536,318.0
2019-05-30,75536,318.0
2019-05-31,75536,318.0
2019-06-01,75536,318.0
2019-06-03,75536,327.0
2019-06-04,75536,327.0
2019-06-05,75536,327.0
2019-06-06,75536,327.0
2019-06-07,75536,327.0
2019-06-08,75536,327.0
2019-06-10,75536,330.0
2019-06-11,75536,330.0
2019-06-12,75536,330.0
2019-06-15,75536,330.0
2019-06-16,75536,330.0
2019-06-20,75536,332.0
2019-06-21,75536,332.0
2019-06-22,75536,332.0
2019-06-23,75536,332.0
2019-06-24,75536,320.0
2019-06-26,75536,320.0
2019-06-27,75536,320.0
2019-06-30,75536,320.0
2019-07-01,75536,323.0
2019-07-02,75536,323.0
2019-07-03,75536,323.0
2019-07-05,75536,323.0
2019-07-06,75536,323.0
2019-07-08,75536,329.0
2019-07-09,75536,329.0
2019-07-10,75536,329.0
2019-07-12,75536,329.0
2019-07-13,75536,329.0
2019-07-14,75536,329.0
2019-07-15,75536,330.0
2019-07-17,75536,330.0
2019-07-18,75536,330.0
2019-07-19,75536,330.0
2019-07-20,75536,330.0
2019-07-21,75536,330.0
2019-07-22,75536,336.0
2019-07-23,75536,336.0
2019-07-25,75536,336.0
2019-07-26,75536,336.0
2019-07-28,75536,336.0
2019-07-29,75536,326.0
2019-07-30,75536,326.0
2019-07-31,75536,326.0
2019-08-01,75536,326.0
2019-08-02,75536,326.0
2019-08-03,75536,326.0
2019-08-04,75536,326.0
2019-08-05,75536,338.0
2019-08-07,75536,338.0
2019-08-08,75536,338.0
2019-08-09,75536,338.0
2019-08-10,75536,338.0
2019-08-11,75536,338.0
2019-08-12,75536,330.0
2019-08-13,75536,330.0
2019-08-14,75536,330.0
2019-08-15,75536,330.0
2019-08-16,75536,330.0
2019-08-17,75536,330.0
2019-08-18,75536,330.0
2019-08-19,75536,325.0
2019-08-20,75536,325.0
2019-08-21,75536,325.0
2019-08-22,75536,325.0
2019-08-24,75536,325.0
2019-08-25,75536,325.0
2019-08-26,75536,338.0
2019-08-27,75536,338.0
2019-08-28,75536,338.0
2019-08-29,75536,338.0
2019-08-30,75536,338.0
2019-08-31,75536,338.0
2019-09-01,75536,338.0
2019-09-03,75536,345.0
2019-09-04,75536,345.0
2019-09-05,75536,345.0
2019-09-06,75536,345.0
2019-09-07,75536,345.0
2019-09-08,75536,345.0
2019-09-10,75536,334.0
2019-09-11,75536,334.0
2019-09-13,75536,334.0
2019-09-14,75536,334.0
2019-09-15,75536,334.0
2019-09-16,75536,340.0
2019-09-17,75536,340.0
2019-09-18,75536,340.0
2019-09-19,75536,340.0
2019-09-21,75536,340.0
2019-09-22,75536,340.0
2019-09-23,75536,329.0
2019-09-24,75536,329.0
2019-09-25,75536,329.0
2019-09-26,75536,329.0
2019-09-27,75536,329.0
2019-09-28,75536,329.0
2019-09-29,75536,329.0
2019-10-01,75536,336.0
2019-10-02,75536,336.0
2019-10-04,75536,336.0
2019-10-06,75536,336.0
2019-10-07,75536,333.0
2019-10-08,75536,333.0
2019-10-09,75536,333.0
2019-10-10,75536,333.0
2019-10-11,75536,333.0
2019-10-12,75536,333.0
2019-10-13,75536,333.0
2019-10-14,75536,344.0
2019-10-15,75536,344.0
2019-10-16,75536,344.0
2019-10-17,75536,344.0
2019-10-18,75536,344.0
2019-10-19,75536,344.0
2019-10-21,75536,345.0
2019-10-22,75536,345.0
2019-10-23,75536,345.0
2019-10-25,75536,345.0
2019-10-26,75536,345.0
2019-10-27,75536,345.0
2019-10-28,75536,329.0
2019-10-29,75536,329.0
2019-10-30,75536,329.0
2019-10-31,75536,329.0
2019-11-01,75536,329.0
2019-11-02,75536,329.0
2019-11-03,75536,329.0
2019-11-06,75536,347.0
2019-11-07,75536,347.0
2019-11-10,75536,347.0
2019-11-11,75536,366.3
2019-11-12,75536,366.3
2019-11-14,75536,366.3
2019-11-15,75536,366.3
2019-11-16,75536,366.3
2019-11-17,75536,366.3
2019-11-18,75536,367.40000000000003
2019-11-19,75536,367.40000000000003
2019-11-20,75536,367.40000000000003
2019-11-21,75536,367.40000000000003
2019-11-22,75536,367.40000000000003
2019-11-23,75536,367.40000000000003
2019-11-24,75536,367.40000000000003
2019-11-27,75536,380.6
2019-11-28,75536,380.6
2019-11-29,75536,380.6
2019-11-30,75536,380.6
2019-12-01,75536,380.6
2018-08-18,97818,186.4
2018-08-19,97818,186.4
2018-08-20,97818,186.4
2018-08-21,97818,186.4
2018-08-22,97818,186.4
2018-08-23,97818,186.4
2018-08-25,97818,186.4
2018-08-26,97818,186.4
2018-08-28,97818,187.20000000000002
2018-08-29,97818,187.20000000000002
2018-09-01,97818,187.20000000000002
2018-09-03,97818,187.20000000000002
2018-09-04,97818,187.20000000000002
2018-09-11,97818,234.0
2018-09-12,97818,234.0
2018-09-13,97818,234.0
2018-09-14,97818,234.0
2018-09-15,97818,234.0
2018-09-16,97818,234.0
2018-09-17,97818,235.0
2018-09-18,97818,235.0
2018-09-19,97818,235.0
2018-09-20,97818,235.0
2018-09-21,97818,235.0
2018-09-23,97818,235.0
2018-09-26,97818,236.0
2018-09-27,97818,236.0
2018-09-28,97818,236.0
2018-09-29,97818,236.0
2018-09-30,97818,236.0
2018-10-01,97818,235.0
2018-10-02,97818,235.0
2018-10-03,97818,235.0
2018-10-04,97818,235.0
2018-10-05,97818,235.0
2018-10-06,97818,235.0
2018-10-08,97818,236.0
2018-10-09,97818,236.0
2018-10-10,97818,236.0
2018-10-13,97818,236.0
2018-10-14,97818,236.0
2018-10-15,97818,237.0
2018-10-16,97818,237.0
2018-10-17,97818,237.0
2018-10-22,97818,237.0
2018-10-25,97818,237.0
2018-10-27,97818,237.0
2018-10-28,97818,237.0
2018-10-30,97818,237.0
2018-10-31,97818,237.0
2018-11-02,97818,237.0
2018-11-03,97818,237.0
2018-11-06,97818,237.0
2018-11-07,97818,237.0
2018-11-08,97818,237.0
2018-11-10,97818,237.0
2018-11-11,97818,237.0
2018-11-12,97818,238.0
2018-11-13,97818,238.0
2018-11-14,97818,238.0
2018-11-15,97818,238.0
2018-11-16,97818,238.0
2018-11-18,97818,238.0
2018-11-19,97818,239.0
2018-11-21,97818,239.0
2018-11-23,97818,239.0
2018-11-26,97818,238.0
2018-11-27,97818,238.0
2018-11-28,97818,238.0
2018-11-30,97818,238.0
2018-12-01,97818,238.0
2018-12-02,97818,238.0
2018-12-03,97818,238.0
2018-12-06,97818,238.0
2018-12-07,97818,238.0
2018-12-08,97818,238.0
2018-12-12,97818,240.0
2018-12-13,97818,240.0
2018-12-15,97818,240.0
2018-12-17,97818,240.0
2018-12-20,97818,240.0
2018-12-23,97818,240.0
2018-12-24,97818,240.0
2018-12-25,97818,240.0
2018-12-28,97818,240.0
2018-12-29,97818,240.0
2018-12-31,97818,241.0
2019-01-01,97818,241.0
2019-01-02,97818,241.0
2019-01-03,97818,241.0
2019-01-04,97818,241.0
2019-01-05,97818,241.0
2019-01-07,97818,241.0
2019-01-08,97818,241.0
2019-01-09,97818,241.0
2019-01-10,97818,241.0
2019-01-12,97818,241.0
2019-01-13,97818,241.0
2019-01-14,97818,241.0
2019-01-19,97818,241.0
2019-01-20,97818,241.0
2019-01-21,97818,243.0
2019-01-22,97818,243.0
2019-01-23,97818,243.0
2019-01-26,97818,243.0
2019-01-27,97818,243.0
2019-01-28,97818,245.0
2019-01-29,97818,245.0
2019-01-30,97818,245.0
2019-01-31,97818,245.0
2019-02-01,97818,245.0
2019-02-02,97818,245.0
2019-02-03,97818,245.0
2019-02-04,97818,241.0
2019-02-05,97818,241.0
2019-02-07,97818,241.0
2019-02-11,97818,245.0
2019-02-12,97818,245.0
2019-02-13,97818,245.0
2019-02-14,97818,245.0
2019-02-16,97818,245.0
2019-02-18,97818,244.0
2019-02-19,97818,244.0
2019-02-20,97818,244.0
2019-02-21,97818,244.0
2019-02-22,97818,244.0
2019-02-23,97818,244.0
2019-02-24,97818,244.0
2019-02-25,97818,245.0
2019-02-27,97818,245.0
2019-02-28,97818,245.0
2019-03-01,97818,245.0
2019-03-02,97818,245.0
2019-03-03,97818,245.0
2019-03-04,97818,247.0
2019-03-05,97818,247.0
2019-03-07,97818,247.0
2019-03-08,97818,247.0
2019-03-09,97818,247.0
2019-03-10,97818,247.0
2019-03-16,97818,245.0
2019-03-17,97818,245.0
2019-03-18,97818,244.0
2019-03-19,97818,244.0
2019-03-20,97818,244.0
2019-03-21,97818,244.0
2019-03-23,97818,244.0
2019-03-24,97818,244.0
2019-03-25,97818,245.0
2019-03-26,97818,245.0
2019-03-27,97818,245.0
2019-03-28,97818,245.0
2019-03-30,97818,245.0
2019-03-31,97818,245.0
2019-04-04,97818,249.0
2019-04-05,97818,249.0
2019-04-08,97818,247.0
2019-04-11,97818,247.0
2019-04-13,97818,247.0
2019-04-14,97818,247.0
2019-04-15,97818,250.0
2019-04-17,97818,250.0
2019-04-19,97818,250.0
2019-04-20,97818,250.0
2019-04-22,97818,250.0
2019-04-23,97818,250.0
2019-04-25,97818,250.0
2019-04-26,97818,250.0
2019-04-28,97818,250.0
2019-04-29,97818,249.0
2019-04-30,97818,249.0
2019-05-01,97818,249.0
2019-05-02,97818,249.0
2019-05-03,97818,249.0
2019-05-05,97818,249.0
2019-05-06,97818,198.4
2019-05-07,97818,198.4
2019-05-08,97818,198.4
2019-05-10,97818,198.4
2019-05-12,97818,198.4
2019-05-13,97818,199.20000000000002
2019-05-14,97818,199.20000000000002
2019-05-17,97818,199.20000000000002
2019-05-18,97818,199.20000000000002
2019-05-20,97818,201.60000000000002
2019-05-22,97818,201.60000000000002
2019-05-23,97818,201.60000000000002
2019-05-26,97818,201.60000000000002
2019-05-27,97818,202.4
2019-05-29,97818,202.4
2019-05-30,97818,202.4
2019-05-31,97818,202.4
2019-06-02,97818,202.4
2019-06-05,97818,203.20000000000002
2019-06-06,97818,203.20000000000002
2019-06-07,97818,203.20000000000002
2019-06-08,97818,203.20000000000002
2019-06-09,97818,203.20000000000002
2019-06-10,97818,200.0
2019-06-11,97818,200.0
2019-06-12,97818,200.0
2019-06-13,97818,200.0
2019-06-15,97818,200.0
2019-06-17,97818,199.20000000000002
2019-06-18,97818,199.20000000000002
2019-06-19,97818,199.20000000000002
2019-06-21,97818,199.20000000000002
2019-06-22,97818,199.20000000000002
2019-06-23,97818,199.20000000000002
2019-06-24,97818,200.0
2019-06-25,97818,200.0
2019-06-26,97818,200.0
2019-06-27,97818,200.0
2019-06-28,97818,200.0
2019-06-30,97818,200.0
2019-07-01,97818,203.20000000000002
2019-07-02,97818,203.20000000000002
2019-07-04,97818,203.20000000000002
2019-07-05,97818,203.20000000000002
2019-07-06,97818,203.20000000000002
2019-07-07,97818,203.20000000000002
2019-07-08,97818,204.0
2019-07-09,97818,204.0
2019-07-10,97818,204.0
2019-07-11,97818,204.0
2019-07-12,97818,204.0
2019-07-13,97818,204.0
2019-07-15,97818,204.0
2019-07-16,97818,204.0
2019-07-19,97818,204.0
2019-07-20,97818,204.0
2019-07-21,97818,204.0
2019-07-22,97818,204.0
2019-07-23,97818,204.0
2019-07-24,97818,204.0
2019-07-25,97818,204.0
2019-07-27,97818,204.0
2019-07-29,97818,202.4
2019-07-30,97818,202.4
2019-07-31,97818,202.4
2019-08-01,97818,202.4
2019-08-02,97818,202.4
2019-08-03,97818,202.4
2019-08-04,97818,202.4
2019-08-05,97818,200.8
2019-08-06,97818,200.8
2019-08-07,97818,200.8
2019-08-09,97818,200.8
2019-08-10,97818,200.8
2019-08-11,97818,200.8
2019-08-12,97818,203.20000000000002
2019-08-13,97818,203.20000000000002
2019-08-16,97818,203.20000000000002
2019-08-18,97818,203.20000000000002
2019-08-19,97818,205.60000000000002
2019-08-20,97818,205.60000000000002
2019-08-21,97818,205.60000000000002
2019-08-23,97818,205.60000000000002
2019-08-24,97818,205.60000000000002
2019-08-25,97818,205.60000000000002
2019-08-26,97818,200.0
2019-08-27,97818,200.0
2019-08-28,97818,200.0
2019-08-29,97818,200.0
2019-08-30,97818,200.0
2019-08-31,97818,200.0
2019-09-01,97818,200.0
2019-09-02,97818,203.20000000000002
2019-09-03,97818,203.20000000000002
2019-09-04,97818,203.20000000000002
2019-09-05,97818,203.20000000000002
2019-09-06,97818,203.20000000000002
2019-09-07,97818,203.20000000000002
2019-09-10,97818,259.0
2019-09-11,97818,259.0
2019-09-12,97818,259.0
2019-09-15,97818,259.0
2019-09-19,97818,258.0
2019-09-20,97818,258.0
2019-09-22,97818,258.0
2019-09-23,97818,255.0
2019-09-25,97818,255.0
2019-09-26,97818,255.0
2019-09-27,97818,255.0
2019-09-28,97818,255.0
2019-09-29,97818,255.0
2019-09-30,97818,260.0
2019-10-01,97818,260.0
2019-10-03,97818,260.0
2019-10-04,97818,260.0
2019-10-06,97818,260.0
2019-10-07,97818,262.0
2019-10-08,97818,262.0
2019-10-09,97818,262.0
2019-10-11,97818,262.0
2019-10-12,97818,262.0
2019-10-13,97818,262.0
2019-10-14,97818,254.0
2019-10-15,97818,254.0
2019-10-16,97818,254.0
2019-10-18,97818,254.0
2019-10-20,97818,254.0
2019-10-21,97818,260.0
2019-10-22,97818,260.0
2019-10-24,97818,260.0
2019-10-25,97818,260.0
2019-10-26,97818,260.0
2019-10-27,97818,260.0
2019-10-28,97818,255.0
2019-10-29,97818,255.0
2019-10-30,97818,255.0
2019-10-31,97818,255.0
2019-11-01,97818,255.0
2019-11-02,97818,255.0
2019-11-03,97818,255.0
2019-11-04,97818,255.0
2019-11-08,97818,255.0
2019-11-09,97818,255.0
2019-11-10,97818,255.0
2019-11-11,97818,267.0
2019-11-13,97818,267.0
2019-11-14,97818,267.0
2019-11-17,97818,267.0
2019-11-18,97818,261.0
2019-11-19,97818,261.0
2019-11-21,97818,261.0
2019-11-22,97818,261.0
2019-11-24,97818,261.0
2019-11-25,97818,256.0
2019-11-26,97818,256.0
2019-11-28,97818,256.0
2019-11-30,97818,256.0
2019-12-01,97818,256.0
2018-12-14,98130,282.0
2018-12-15,98130,282.0
2018-12-16,98130,282.0
2018-12-18,98130,282.0
2018-12-19,98130,282.0
2018-12-20,98130,282.0
2018-12-21,98130,282.0
2018-12-22,98130,282.0
2018-12-24,98130,283.0
2018-12-25,98130,283.0
2018-12-27,98130,283.0
2018-12-28,98130,283.0
2018-12-29,98130,283.0
2018-12-30,98130,283.0
2018-12-31,98130,284.0
2019-01-01,98130,284.0
2019-01-02,98130,284.0
2019-01-03,98130,284.0
2019-01-04,98130,284.0
2019-01-05,98130,284.0
2019-01-06,98130,284.0
2019-01-07,98130,285.0
2019-01-08,98130,285.0
2019-01-09,98130,285.0
2019-01-10,98130,285.0
2019-01-11,98130,285.0
2019-01-12,98130,285.0
2019-01-13,98130,285.0
2019-01-14,98130,286.0
2019-01-15,98130,286.0
2019-01-16,98130,286.0
2019-01-17,98130,286.0
2019-01-18,98130,286.0
2019-01-19,98130,286.0
2019-01-20,98130,286.0
2019-01-21,98130,286.0
2019-01-22,98130,286.0
2019-01-23,98130,286.0
2019-01-25,98130,286.0
2019-01-27,98130,286.0
2019-01-28,98130,287.0
2019-01-29,98130,287.0
2019-01-30,98130,287.0
2019-01-31,98130,287.0
2019-02-01,98130,287.0
2019-02-02,98130,287.0
2019-02-03,98130,287.0
2019-02-04,98130,290.0
2019-02-05,98130,290.0
2019-02-06,98130,290.0
2019-02-07,98130,290.0
2019-02-09,98130,290.0
2019-02-10,98130,290.0
2019-02-11,98130,289.0
2019-02-12,98130,289.0
2019-02-13,98130,289.0
2019-02-14,98130,289.0
2019-02-15,98130,289.0
2019-02-16,98130,289.0
2019-02-18,98130,290.0
2019-02-19,98130,290.0
2019-02-20,98130,290.0
2019-02-21,98130,290.0
2019-02-23,98130,290.0
2019-02-24,98130,290.0
2019-02-25,98130,289.0
2019-02-26,98130,289.0
2019-02-27,98130,289.0
2019-02-28,98130,289.0
2019-03-01,98130,289.0
2019-03-02,98130,289.0
2019-03-03,98130,289.0
2019-03-05,98130,291.0
2019-03-06,98130,291.0
2019-03-07,98130,291.0
2019-03-08,98130,291.0
2019-03-09,98130,291.0
2019-03-10,98130,291.0
2019-03-11,98130,291.0
2019-03-12,98130,291.0
2019-03-13,98130,291.0
2019-03-14,98130,291.0
2019-03-16,98130,291.0
2019-03-17,98130,291.0
2019-03-19,98130,292.0
2019-03-20,98130,292.0
2019-03-21,98130,292.0
2019-03-23,98130,292.0
2019-03-24,98130,292.0
2019-03-25,98130,295.0
2019-03-26,98130,295.0
2019-03-28,98130,295.0
2019-03-30,98130,295.0
2019-03-31,98130,295.0
2019-04-02,98130,295.0
2019-04-03,98130,295.0
2019-04-04,98130,295.0
2019-04-05,98130,295.0
2019-04-06,98130,295.0
2019-04-07,98130,295.0
2019-04-08,98130,295.0
2019-04-10,98130,295.0
2019-04-11,98130,295.0
2019-04-12,98130,295.0
2019-04-13,98130,295.0
2019-04-14,98130,295.0
2019-04-15,98130,294.0
2019-04-17,98130,294.0
2019-04-19,98130,294.0
2019-04-20,98130,294.0
2019-04-21,98130,294.0
2019-04-23,98130,297.0
2019-04-24,98130,297.0
2019-04-28,98130,297.0
2019-04-29,98130,298.0
2019-04-30,98130,298.0
2019-05-02,98130,298.0
2019-05-03,98130,298.0
2019-05-04,98130,298.0
2019-05-05,98130,298.0
2019-05-06,98130,295.0
2019-05-07,98130,295.0
2019-05-08,98130,295.0
2019-05-09,98130,295.0
2019-05-12,98130,295.0
2019-05-13,98130,303.0
2019-05-14,98130,303.0
2019-05-15,98130,303.0
2019-05-16,98130,303.0
2019-05-17,98130,303.0
2019-05-18,98130,303.0
2019-05-19,98130,303.0
2019-05-22,98130,298.0
2019-05-23,98130,298.0
2019-05-24,98130,298.0
2019-05-25,98130,298.0
2019-05-28,98130,302.0
2019-05-29,98130,302.0
2019-05-30,98130,302.0
2019-05-31,98130,302.0
2019-06-01,98130,302.0
2019-06-02,98130,302.0
2019-06-03,98130,302.0
2019-06-07,98130,302.0
2019-06-09,98130,302.0
2019-06-10,98130,304.0
2019-06-13,98130,304.0
2019-06-14,98130,304.0
2019-06-15,98130,304.0
2019-06-16,98130,304.0
2019-06-17,98130,305.0
2019-06-18,98130,305.0
2019-06-21,98130,305.0
2019-06-22,98130,305.0
2019-06-23,98130,305.0
2019-06-24,98130,309.0
2019-06-25,98130,309.0
2019-06-26,98130,309.0
2019-06-28,98130,309.0
2019-06-29,98130,309.0
2019-06-30,98130,309.0
2019-07-01,98130,306.0
2019-07-02,98130,306.0
2019-07-03,98130,306.0
2019-07-04,98130,306.0
2019-07-05,98130,306.0
2019-07-06,98130,306.0
2019-07-07,98130,306.0
2019-07-08,98130,309.0
2019-07-10,98130,309.0
2019-07-11,98130,309.0
2019-07-12,98130,309.0
2019-07-13,98130,309.0
2019-07-14,98130,309.0
2019-07-15,98130,305.0
2019-07-16,98130,305.0
2019-07-17,98130,305.0
2019-07-19,98130,305.0
2019-07-20,98130,305.0
2019-07-21,98130,305.0
2019-07-22,98130,309.0
2019-07-23,98130,309.0
2019-07-24,98130,309.0
2019-07-25,98130,309.0
2019-07-26,98130,309.0
2019-07-28,98130,309.0
2019-07-29,98130,308.0
2019-07-30,98130,308.0
2019-07-31,98130,308.0
2019-08-01,98130,308.0
2019-08-02,98130,308.0
2019-08-03,98130,308.0
2019-08-05,98130,309.0
2019-08-06,98130,309.0
2019-08-09,98130,309.0
2019-08-11,98130,309.0
2019-08-13,98130,306.0
2019-08-15,98130,306.0
2019-08-17,98130,306.0
2019-08-18,98130,306.0
2019-08-19,98130,316.0
2019-08-20,98130,316.0
2019-08-21,98130,316.0
2019-08-23,98130,316.0
2019-08-25,98130,316.0
2019-08-28,98130,311.0
2019-08-30,98130,311.0
2019-08-31,98130,311.0
2019-09-01,98130,311.0
2019-09-02,98130,314.0
2019-09-04,98130,314.0
2019-09-05,98130,314.0
2019-09-06,98130,314.0
2019-09-07,98130,314.0
2019-09-08,98130,314.0
2019-09-10,98130,320.0
2019-09-11,98130,320.0
2019-09-12,98130,320.0
2019-09-13,98130,320.0
2019-09-14,98130,320.0
2019-09-15,98130,320.0
2019-09-16,98130,311.0
2019-09-17,98130,311.0
2019-09-18,98130,311.0
2019-09-19,98130,311.0
2019-09-20,98130,311.0
2019-09-22,98130,311.0
2019-09-23,98130,314.0
2019-09-25,98130,314.0
2019-09-26,98130,314.0
2019-09-27,98130,314.0
2019-09-29,98130,314.0
2019-10-02,98130,318.0
2019-10-03,98130,318.0
2019-10-04,98130,318.0
2019-10-05,98130,318.0
2019-10-06,98130,318.0
2019-10-07,98130,326.0
2019-10-08,98130,326.0
2019-10-09,98130,326.0
2019-10-10,98130,326.0
2019-10-13,98130,326.0
2019-10-14,98130,319.0
2019-10-17,98130,319.0
2019-10-18,98130,319.0
2019-10-19,98130,319.0
2019-10-22,98130,318.0
2019-10-23,98130,318.0
2019-10-25,98130,318.0
2019-10-26,98130,318.0
2019-10-27,98130,318.0
2019-10-28,98130,321.0
2019-10-29,98130,321.0
2019-10-30,98130,321.0
2019-10-31,98130,321.0
2019-11-01,98130,321.0
2019-11-02,98130,321.0
2019-11-03,98130,321.0
2019-11-04,98130,317.0
2019-11-05,98130,317.0
2019-11-06,98130,317.0
2019-11-07,98130,317.0
2019-11-08,98130,317.0
2019-11-10,98130,317.0
2019-11-11,98130,325.0
2019-11-12,98130,325.0
2019-11-13,98130,325.0
2019-11-15,98130,325.0
2019-11-18,98130,324.0
2019-11-19,98130,324.0
2019-11-20,98130,324.0
2019-11-21,98130,324.0
2019-11-22,98130,324.0
2019-11-23,98130,324.0
2019-11-24,98130,324.0
2019-11-25,98130,327.0
2019-11-26,98130,327.0
2019-11-27,98130,327.0
2019-11-28,98130,327.0
2019-11-29,98130,327.0
2019-11-30,98130,327.0
